Rank,name,instagram name,Category,followers,country,latitude,longitude
1,leomessi,Leo Messi,Sports with a Ball,409800000.0,Argentina,-34.61,-58.38
2,cristiano,Cristiano Ronaldo,Sports with a Ball,523000000.0,India,28.61,77.23
3,neymarjr,NJ ğŸ‡§ğŸ‡·,Sports with a Ball,198900000.0,Brazil,-15.78,-47.93
4,kyliejenner,Kylie ğŸ¤,Fashion,376300000.0,United States,38.89,-77.03
5,kendalljenner,Kendall,Modeling,268000000.0,United States,38.89,-77.03
6,arianagrande,Ariana Grande,Music,345900000.0,United States,38.89,-77.03
7,selenagomez,Selena Gomez,Photography,365400000.0,United States,38.89,-77.03
8,kimkardashian,Kim Kardashian,Fashion,337400000.0,United States,38.89,-77.03
9,k.mbappe,Kylian MbappeÌ,Sports with a Ball,90400000.0,France,48.86,2.35
10,taylorswift,Taylor Swift,Music,236500000.0,Brazil,-15.78,-47.93
11,thv,V,Music,53800000.0,South Korea,37.57,126.98
12,virat.kohli,Virat Kohli,Sports with a Ball,228800000.0,India,28.61,77.23
13,lalalalisa_m,LISA,Music,85700000.0,Indonesia,-6.21,106.85
14,kourtneykardash,Kourtney Kardashian Barker,Lifestyle,205600000.0,United States,38.89,-77.03
15,billieeilish,BILLIE EILISH,Music,107500000.0,United States,38.89,-77.03
17,justinbieber,Justin Bieber,Music,270000000.0,Brazil,-15.78,-47.93
18,jennierubyjane,J,Music,72300000.0,Indonesia,-6.21,106.85
19,therock,Dwayne Johnson,Fitness & Gym,355200000.0,India,28.61,77.23
20,iamcardib,Cardi B,Music,144900000.0,United States,38.89,-77.03
21,karolg,KAROL G,Music,58000000.0,Mexico,19.43,-99.13
22,jin,Jin of BTS,Music,42200000.0,United States,38.89,-77.03
23,instagram,Instagram,Photography,579800000.0,India,28.61,77.23
24,mileycyrus,Miley Cyrus,Music,189800000.0,United States,38.89,-77.03
25,uarmyhope,jhope,Art/Artists,42400000.0,South Korea,37.57,126.98
27,sooyaaa__,JISOOğŸ¤,Music,66700000.0,Indonesia,-6.21,106.85
28,bts.bighitofficial,BTS official,Music,69600000.0,Indonesia,-6.21,106.85
29,khaby00,Khaby Lame,Sports with a Ball,80300000.0,India,28.61,77.23
30,aliaabhatt,Alia Bhatt ğŸ’›,Cinema & Actors/actresses,73500000.0,India,28.61,77.23
31,rkive,RM,Lifestyle,40400000.0,Ethiopia,9.03,38.74
32,milliebobbybrown,Millie Bobby Brown,Cinema & Actors/actresses,60500000.0,Brazil,-15.78,-47.93
33,jlo,Jennifer Lopez,Music,229300000.0,United States,38.89,-77.03
34,travisscott,flame,Music,47600000.0,United States,38.89,-77.03
36,kingjames,ğŸ‘‘,Sports with a Ball,139400000.0,United States,38.89,-77.03
37,karimbenzema,Karim Benzema,Sports with a Ball,63200000.0,France,48.86,2.35
38,champagnepapi,champagnepapi,Music,126300000.0,United States,38.89,-77.03
39,dualipa,DUA LIPA,Music,87600000.0,United States,38.89,-77.03
40,anushkasharma,AnushkaSharma1588,Cinema & Actors/actresses,61700000.0,India,28.61,77.23
41,dlwlrma,á„‹á…µá„Œá…µá„€á…³á†· IU,Art/Artists,28400000.0,South Korea,37.57,126.98
42,jennaortega,Jenna Ortega,Cinema & Actors/actresses,23800000.0,United States,38.89,-77.03
43,eunwo.o_c,ì°¨ì€ìš°,Music,31600000.0,Indonesia,-6.21,106.85
44,noahschnapp,Noah Schnapp,Cinema & Actors/actresses,27400000.0,Brazil,-15.78,-47.93
45,antonelaroccuzzo,Antonela Roccuzzo,Modeling,23700000.0,Argentina,-34.61,-58.38
46,narendramodi,Narendra Modi,Finance & Economics,71300000.0,India,28.61,77.23
47,georginagio,Georgina RodriÌguez,Lifestyle,40400000.0,India,28.61,77.23
48,oliviarodrigo,Olivia Rodrigo,Music,28900000.0,United States,38.89,-77.03
49,nasa,NASA,Science,86000000.0,India,28.61,77.23
50,realmadrid,Real Madrid C.F.,Sports with a Ball,129400000.0,Spain,40.42,-3.71
51,virginia,Virginia Fonseca Costa,Shows,41600000.0,Brazil,-15.78,-47.93
52,actorleeminho,á„‹á…µá„†á…µá†«á„’á…© leeminho,Cinema & Actors/actresses,31500000.0,Indonesia,-6.21,106.85
53,paulodybala,Paulo Dybala,Sports with a Ball,51000000.0,Argentina,-34.61,-58.38
54,adele,Adele,Music,51000000.0,United States,38.89,-77.03
55,haileybieber,Hailey Rhode Baldwin Bieber,Lifestyle,49600000.0,United States,38.89,-77.03
56,gigihadid,Gigi Hadid,Modeling,76400000.0,United States,38.89,-77.03
57,jongsuk0206,ì´ì¢…ì„,Cinema & Actors/actresses,24600000.0,Indonesia,-6.21,106.85
58,sadiesink_,Sadie Sink,Modeling,25400000.0,Brazil,-15.78,-47.93
59,shraddhakapoor,Shraddha âœ¶,Cinema & Actors/actresses,76900000.0,India,28.61,77.23
60,gal_gadot,Gal Gadot,Cinema & Actors/actresses,92300000.0,United States,38.89,-77.03
61,vinijr,Vinicius Jr. âš¡ï¸ğŸ‡§ğŸ‡·,Sports with a Ball,28100000.0,Brazil,-15.78,-47.93
62,bellahadid,Bella ğŸ¦‹,Modeling,56600000.0,United States,38.89,-77.03
63,katrinakaif,Katrina Kaif,Beauty,69300000.0,India,28.61,77.23
64,richarlison,Richarlison,Sports with a Ball,20100000.0,Brazil,-15.78,-47.93
65,real__pcy,EXO_CY,Music,23900000.0,Indonesia,-6.21,106.85
66,luisitocomunica,Luisillo El Pillo,Humor & Fun & Happiness,32900000.0,Mexico,19.43,-99.13
67,shakira,Shakira,Music,77900000.0,United States,38.89,-77.03
68,theweeknd,The Weeknd,Music,46500000.0,United States,38.89,-77.03
69,fcbarcelona,FC Barcelona,Sports with a Ball,114800000.0,Indonesia,-6.21,106.85
70,blakelively,Blake Lively,Cinema & Actors/actresses,37000000.0,United States,38.89,-77.03
71,iamsrk,Shah Rukh Khan,Cinema & Actors/actresses,33500000.0,India,28.61,77.23
72,rashmika_mandanna,Rashmika Mandanna,Beauty,35600000.0,India,28.61,77.23
73,ddlovato,Demi Lovato,Music,144200000.0,United States,38.89,-77.03
74,mosalah,Mohamed Salah,Sports with a Ball,55000000.0,Indonesia,-6.21,106.85
75,jenniferaniston,Jennifer Aniston,Cinema & Actors/actresses,41100000.0,Brazil,-15.78,-47.93
76,danbilzerian,Dan Bilzerian,Cinema & Actors/actresses,33600000.0,India,28.61,77.23
77,handemiyy,Hande ErcÌ§el,Cinema & Actors/actresses,29200000.0,Turkey,39.93,32.86
78,meganfox,Megan Fox,Cinema & Actors/actresses,20800000.0,United States,38.89,-77.03
79,madisonbeer,Madison Beer,Music,34000000.0,United States,38.89,-77.03
80,dovecameron,DOVE,Cinema & Actors/actresses,48400000.0,United States,38.89,-77.03
81,akshaykumar,Akshay Kumar,Cinema & Actors/actresses,63600000.0,India,28.61,77.23
82,blackpinkofficial,BLÎ›Æ†KPIĞ˜K,Music,51400000.0,Indonesia,-6.21,106.85
83,lilireinhart,Lili Reinhart,Cinema & Actors/actresses,28400000.0,Brazil,-15.78,-47.93
84,chrisbrownofficial,BROWN,Music,127300000.0,United States,38.89,-77.03
85,championsleague,UEFA Champions League,Sports with a Ball,101100000.0,Brazil,-15.78,-47.93
86,bn_sj2013,á„‡á…¡á†¨á„‰á…¥á„Œá…®á†«,Cinema & Actors/actresses,23100000.0,Indonesia,-6.21,106.85
87,jairmessiasbolsonaro,Jair M. Bolsonaro,Finance & Economics,25700000.0,Brazil,-15.78,-47.93
88,davidbeckham,David Beckham,Family,76400000.0,India,28.61,77.23
89,priyankachopra,Priyanka,Cinema & Actors/actresses,84100000.0,India,28.61,77.23
90,niallhoran,Niall Horan,Music,30900000.0,United States,38.89,-77.03
91,chrishemsworth,Chris Hemsworth,Cinema & Actors/actresses,56100000.0,India,28.61,77.23
92,deepikapadukone,Deepika Padukone,Cinema & Actors/actresses,70500000.0,India,28.61,77.23
93,lelepons,Lele Pons,Music,50300000.0,Mexico,19.43,-99.13
94,vindiesel,Vin Diesel,Cinema & Actors/actresses,84800000.0,Brazil,-15.78,-47.93
95,tchalamet,TimotheÌe Chalamet,Cinema & Actors/actresses,18100000.0,United States,38.89,-77.03
96,robertdowneyjr,Robert Downey Jr.,Cinema & Actors/actresses,53900000.0,India,28.61,77.23
97,dishapatani,disha patani (paatni) ğŸ¦‹,Cinema & Actors/actresses,55500000.0,India,28.61,77.23
98,ester_exposito,Ester ğŸŒ™,Cinema & Actors/actresses,28500000.0,Mexico,19.43,-99.13
99,zacefron,Zac Efron,Cinema & Actors/actresses,56600000.0,United States,38.89,-77.03
100,charlidamelio,charli,Lifestyle,48700000.0,United States,38.89,-77.03
101,angeldimariajm,AÌngel Di MariÌa,Sports with a Ball,23200000.0,Argentina,-34.61,-58.38
102,iamzlatanibrahimovic,Zlatan IbrahimoviÄ‡,Sports with a Ball,57100000.0,Italy,41.9,12.5
103,luissuarez9,Luis SuÃ¡rez,Sports with a Ball,45500000.0,Brazil,-15.78,-47.93
104,michaelbjordan,Michael B. Jordan,Cinema & Actors/actresses,19300000.0,United States,38.89,-77.03
105,yawnzzn,YEONJUN,Other,11700000.0,India,28.61,77.23
106,oohsehun,SEHUN,Music,23300000.0,Indonesia,-6.21,106.85
108,433,433,Sports with a Ball,58200000.0,Spain,40.42,-3.71
109,jasonstatham,Jason Statham,Cinema & Actors/actresses,31800000.0,India,28.61,77.23
110,lewishamilton,Lewis Hamilton,Racing Sports,31000000.0,Brazil,-15.78,-47.93
111,jacquelinef143,Jacqueline Fernandez,Cinema & Actors/actresses,64400000.0,India,28.61,77.23
112,_jeongjaehyun,Jaehyun,Other,13100000.0,Indonesia,-6.21,106.85
113,hardikpandya93,Hardik Himanshu Pandya,Sports with a Ball,24400000.0,India,28.61,77.23
114,chrisevans,Chris Evans,Cinema & Actors/actresses,18300000.0,United States,38.89,-77.03
115,kimberly.loaiza,KIM LOAIZA ğŸ–¤,Clothing & Outfits,36600000.0,Mexico,19.43,-99.13
116,achrafhakimi,Achraf Hakimi,Sports with a Ball,14400000.0,Morocco,34.02,-6.84
117,realstraykids,Stray Kids,Music,23600000.0,Indonesia,-6.21,106.85
118,_rl9,Robert Lewandowski,Sports with a Ball,31700000.0,Poland,52.23,21.01
119,theestallion,Megan Thee Stallion,Music,30100000.0,United States,38.89,-77.03
120,rohitsharma45,Rohit Sharma,Sports with a Ball,26100000.0,India,28.61,77.23
121,maluma,MALUMA,Music,62900000.0,Italy,41.9,12.5
122,marcelotwelve,Marcelo Vieira,Sports with a Ball,60300000.0,Spain,40.42,-3.71
123,jichangwook,ì§€ì°½ìš±,Cinema & Actors/actresses,22500000.0,Indonesia,-6.21,106.85
124,katyperry,KATY PERRY,Music,184600000.0,Brazil,-15.78,-47.93
125,henrycavill,Henry Cavill,Cinema & Actors/actresses,23200000.0,Brazil,-15.78,-47.93
126,lucyhale,Lucy Hale,Cinema & Actors/actresses,24600000.0,United States,38.89,-77.03
127,tyga,T-Raww,Music,37700000.0,United States,38.89,-77.03
128,pewdiepie,PewDiePie,Computers & Gadgets,21700000.0,United States,38.89,-77.03
129,hi_high_hiy,á„’á…ªá†¼á„‹á…µá†«á„‹á…§á†¸,Cinema & Actors/actresses,15100000.0,South Korea,37.57,126.98
130,rodridepaul,Rodrigo De Paul,Sports with a Ball,10600000.0,Argentina,-34.61,-58.38
131,sergioramos,Sergio Ramos,Sports with a Ball,54500000.0,Spain,40.42,-3.71
132,rohittt_09_,ğ‘ğ¨ğ¡ğ¢ğ­ ğ™ğ¢ğ§ğ£ğ®ğ«ğ¤ğ ~ ğ«ğğšğœğ­ğ¢ğ¨ğ§ğ›ğ¨ğ¢ ğŸ’«,Shows,24800000.0,India,28.61,77.23
133,kritisanon,Kriti,Modeling,51900000.0,India,28.61,77.23
134,finnwolfhardofficial,Finn Wolfhard,Music,25900000.0,Brazil,-15.78,-47.93
135,hrithikroshan,Hrithik Roshan,Cinema & Actors/actresses,44600000.0,India,28.61,77.23
136,beingsalmankhan,Salman Khan,Cinema & Actors/actresses,56100000.0,India,28.61,77.23
137,sidhu_moosewala,Sidhu Moosewala (à¨®à©‚à¨¸à©‡ à¨†à¨²à¨¾),Lifestyle,11700000.0,India,28.61,77.23
138,saraalikhan95,Sara Ali Khan,Cinema & Actors/actresses,41400000.0,India,28.61,77.23
139,bizarrap,BZRP,Music,15700000.0,Argentina,-34.61,-58.38
140,sza,SZA,Music,13800000.0,United States,38.89,-77.03
141,hi_songjoongki,á„‰á…©á†¼á„Œá…®á†¼á„€á…µ songjoongki official,Cinema & Actors/actresses,10400000.0,Indonesia,-6.21,106.85
142,miakhalifa,Mia K.,Fitness & Gym,27700000.0,India,28.61,77.23
143,mrbeast,MrBeast,Shows,21700000.0,United States,38.89,-77.03
144,cznburak,Burak OÌˆzdemir,Food & Cooking,42300000.0,Turkey,39.93,32.86
145,songkang_b,á„‰á…©á†¼á„€á…¡á†¼,Other,15000000.0,Mexico,19.43,-99.13
146,eumirellasantos,Mirella Santos,Modeling,12200000.0,Brazil,-15.78,-47.93
147,juliaanalvarez,JuliaÌn AlvarezğŸ•·,Sports with a Ball,9100000.0,Argentina,-34.61,-58.38
148,nehakakkar,Neha Kakkar (Mrs. Singh),Music,73000000.0,India,28.61,77.23
149,lukamodric10,Luka Modric,Sports with a Ball,26900000.0,Spain,40.42,-3.71
150,natgeo,National Geographic,Nature & landscapes,250300000.0,United States,38.89,-77.03
151,juliaanalvarez,JuliaÌn AlvarezğŸ•·,Sports with a Ball,9000000.0,Argentina,-34.61,-58.38
152,rosalia.vt,LA ROSALIÌA,Music,23100000.0,Spain,40.42,-3.71
153,thedeverakonda,Vijay Deverakonda,Cinema & Actors/actresses,17700000.0,India,28.61,77.23
154,melissamelmaia,MEL MAIA ğŸ¯,Music,16400000.0,Brazil,-15.78,-47.93
155,jacksonwang852g7,Jackson Wang,Music,30800000.0,China,39.91,116.4
156,jannatzubair29,Jannat Zubair Rahmani,Cinema & Actors/actresses,45200000.0,India,28.61,77.23
157,emi_martinez26,Emi Martinez,Lifestyle,10100000.0,United Kingdom,51.51,-0.13
158,strangerthingstv,Stranger Things Netflix,Cinema & Actors/actresses,22200000.0,Brazil,-15.78,-47.93
159,erling.haaland,Erling Braut Haaland,Lifestyle,21600000.0,Brazil,-15.78,-47.93
160,carlinhosmaiaof,Carlinhos MaiağŸŒ»,Lifestyle,26400000.0,Brazil,-15.78,-47.93
161,emmawatson,Emma Watson,Literature & Journalism,68800000.0,United States,38.89,-77.03
162,camila_cabello,camila,Music,65800000.0,Brazil,-15.78,-47.93
163,lanarhoades,Lana Rhoades,Lifestyle,16600000.0,United States,38.89,-77.03
164,eminem,Marshall Mathers,Cinema & Actors/actresses,37500000.0,United States,38.89,-77.03
165,na.jaemin0813,JAEMIN,Other,10700000.0,Indonesia,-6.21,106.85
166,addisonraee,Addison Rae,Beauty,39500000.0,United States,38.89,-77.03
167,luvadepedreiro,Iran Ferreira,Family,20100000.0,Brazil,-15.78,-47.93
168,dojacat,Doja Cat,Music,25000000.0,United States,38.89,-77.03
170,pablogavi,GAVI,Sports with a Ball,12000000.0,Spain,40.42,-3.71
171,tinistoessel,LaTripleT,Music,19600000.0,Argentina,-34.61,-58.38
172,viihtube,Viih Tube,Cinema & Actors/actresses,25600000.0,Brazil,-15.78,-47.93
173,ursulolita,UÌrsula CorberoÌ âœ¨,Cinema & Actors/actresses,23000000.0,Brazil,-15.78,-47.93
174,skuukzky,á„‰á…®á†½á„‹á…µ  ğŸ’„ğŸ’…ğŸ‘¡ğŸ‘ ğŸ€ğŸ‘™ğŸŒ‚ğŸ‘—ğŸŒ‚ğŸ€ğŸ’‹ğŸ’Œ,Clothing & Outfits,18100000.0,Indonesia,-6.21,106.85
175,banksy,Banksy,Art/Artists,11900000.0,United States,38.89,-77.03
176,sydney_sweeney,Sydney Sweeney,Lifestyle,14500000.0,United States,38.89,-77.03
177,hazardeden_10,Eden Hazard,Sports with a Ball,27200000.0,Indonesia,-6.21,106.85
178,imhyoseop,ì•ˆíš¨ì„­,Lifestyle,9700000.0,Indonesia,-6.21,106.85
179,stephencurry30,Wardell Curry,Sports with a Ball,47800000.0,United States,38.89,-77.03
180,kapilsharma,Kapil Sharma,Cinema & Actors/actresses,43800000.0,India,28.61,77.23
181,seonho__kim,á„€á…µá†·á„‰á…¥á†«á„’á…©,Other,8400000.0,Indonesia,-6.21,106.85
182,leedongwook_official,ì´ë™ìš± (Official_Instagram),Cinema & Actors/actresses,15100000.0,Indonesia,-6.21,106.85
183,anitta,Anitta ğŸ¤,Music,63500000.0,Brazil,-15.78,-47.93
184,paulpogba,Paul Labile Pogba,Sports with a Ball,56000000.0,United Kingdom,51.51,-0.13
185,samantharuthprabhuoffl,Samantha,Beauty,24300000.0,India,28.61,77.23
186,carryminati,ğ‘¨ğ’‹ğ’†ğ’š ğ‘µğ’‚ğ’ˆğ’‚ğ’“,Computers & Gadgets,16500000.0,India,28.61,77.23
187,loganpaul,Logan Paul,Fitness & Gym,24600000.0,United States,38.89,-77.03
188,alluarjunonline,Allu Arjun,Cinema & Actors/actresses,19800000.0,India,28.61,77.23
189,zkdlin,KAI,Music,14200000.0,Indonesia,-6.21,106.85
190,psg,Paris Saint-Germain,Sports with a Ball,64400000.0,Brazil,-15.78,-47.93
191,alidaei,Ali Daei,Sports with a Ball,11300000.0,Iran,35.69,51.39
192,madelame,Madelaine Petsch,Cinema & Actors/actresses,25400000.0,Russia,55.75,37.62
193,lizgillz,Elizabeth Gillies,Music,14200000.0,Mexico,19.43,-99.13
194,aliiiiiiiikarimi8,Ali Karimi,Sports with a Ball,14400000.0,Iran,35.69,51.39
195,sabrinacarpenter,Sabrina Carpenter,Music,28100000.0,Brazil,-15.78,-47.93
196,juliette,Juliette,Cinema & Actors/actresses,32500000.0,Brazil,-15.78,-47.93
197,bbrightvc,bright,Cinema & Actors/actresses,16800000.0,Indonesia,-6.21,106.85
198,momo,ëª¨ëª¨ (MOMO),Lifestyle,9300000.0,Turkey,39.93,32.86
199,liluzivert,Lil Uzi Vert,Music,16900000.0,United States,38.89,-77.03
200,offsetyrn,OFFSET,Music,20800000.0,United States,38.89,-77.03
201,offsetyrn,OFFSET,Music,20800000.0,United States,38.89,-77.03
202,willsmith,Will Smith,Cinema & Actors/actresses,62600000.0,United States,38.89,-77.03
203,kunaguero,Sergio Leonel AguÌˆero,Sports with a Ball,25800000.0,Argentina,-34.61,-58.38
204,domelipa,domelipa,Lifestyle,20700000.0,Mexico,19.43,-99.13
205,iambeckyg,Becky G,Music,34600000.0,United States,38.89,-77.03
206,anushkasen0408,Anushka Sen,Cinema & Actors/actresses,39000000.0,India,28.61,77.23
207,awez_darbar,Awez Darbar,Shows,26400000.0,India,28.61,77.23
208,emmachamberlain,emma chamberlain,Lifestyle,16200000.0,United States,38.89,-77.03
209,juanpazurita,Juanpa Zurita,Cinema & Actors/actresses,31300000.0,Mexico,19.43,-99.13
210,mclomaofficial,Paloma Santos ğŸŸ,Music,12300000.0,Brazil,-15.78,-47.93
211,bambam1a,BamBam,Music,17100000.0,Brazil,-15.78,-47.93
213,vancityreynolds,Ryan Reynolds,Cinema & Actors/actresses,47100000.0,United States,38.89,-77.03
214,nike,Nike,Fitness & Gym,252300000.0,United States,38.89,-77.03
215,renebaebae,IRENE,Lifestyle,10900000.0,Indonesia,-6.21,106.85
216,do0_nct,Doyoung,Lifestyle,10800000.0,Indonesia,-6.21,106.85
217,maisa,+A,Music,45800000.0,Brazil,-15.78,-47.93
218,jamesrodriguez10,James RodriÌguez,Sports with a Ball,50200000.0,Colombia,,
219,urvashirautela,Urvashi Rautela,Cinema & Actors/actresses,60300000.0,India,28.61,77.23
220,enhypen,ENHYPEN,Lifestyle,11300000.0,Indonesia,-6.21,106.85
221,shahidkapoor,Shahid Kapoor,Cinema & Actors/actresses,37000000.0,India,28.61,77.23
222,onyourm__ark,Mark,Lifestyle,9900000.0,Indonesia,-6.21,106.85
223,ronaldo,Ronaldo,Sports with a Ball,26300000.0,Brazil,-15.78,-47.93
224,nayeonyny,ë‚˜ì—° (NAYEON),Lifestyle,9200000.0,Brazil,-15.78,-47.93
225,emrata,Emily Ratajkowski,Modeling,29700000.0,United States,38.89,-77.03
226,brunamarquezine,Bruna Marquezine,Cinema & Actors/actresses,43600000.0,Brazil,-15.78,-47.93
227,camimendes,camila mendes,Cinema & Actors/actresses,27200000.0,Brazil,-15.78,-47.93
228,iansomerhalder,iansomerhalder,Cinema & Actors/actresses,23800000.0,United States,38.89,-77.03
229,brunomars,Bruno Mars,Music,26900000.0,Brazil,-15.78,-47.93
230,riaricis1795,RICIS,Lifestyle,32700000.0,Indonesia,-6.21,106.85
231,varundvn,VarunDhawan,Cinema & Actors/actresses,44900000.0,India,28.61,77.23
232,prattprattpratt,Chris Pratt,Cinema & Actors/actresses,40100000.0,United States,38.89,-77.03
233,holyhaein,ì •í•´ì¸,Lifestyle,10600000.0,Indonesia,-6.21,106.85
234,larasilva,Lara Silva,Shows,17300000.0,Brazil,-15.78,-47.93
235,m10_official,Mesut OÌˆzil,Sports with a Ball,24500000.0,Indonesia,-6.21,106.85
236,duki,Ya Supiste,Music,11500000.0,Argentina,-34.61,-58.38
237,iamhalsey,halsey,Music,30900000.0,United States,38.89,-77.03
238,cbum,Chris Bumstead,Fitness & Gym,11800000.0,India,28.61,77.23
239,asaprocky,A$AP ROCKY,Music,15200000.0,United States,38.89,-77.03
240,aron.piper,ARONğŸŒœğŸŒ,Music,13300000.0,Brazil,-15.78,-47.93
241,therealcalebmclaughlin,Caleb McLaughlin,Cinema & Actors/actresses,15200000.0,United States,38.89,-77.03
242,taeoxo_nct,TAEYONG,Lifestyle,10000000.0,Australia,,
243,louispartridge_,LouisğŸ’,Cinema & Actors/actresses,9200000.0,United States,38.89,-77.03
244,attahalilintar,Atta Halilintar - PAPATA,Art/Artists,25900000.0,Indonesia,-6.21,106.85
245,haileesteinfeld,hailee steinfeld,Cinema & Actors/actresses,19900000.0,United States,38.89,-77.03
246,min9yu_k,ê¹€ë¯¼ê·œ,Music,8100000.0,Indonesia,-6.21,106.85
247,thinkaboutzu,ì¯”ìœ„ (TZUYU),Other,9000000.0,India,28.61,77.23
248,xeesoxee,á„’á…¡á†«á„‰á…©á„’á…´,Lifestyle,10500000.0,Indonesia,-6.21,106.85
249,riyaz.14,Riyaz Aly,Lifestyle,27300000.0,India,28.61,77.23
250,pubity,Pubity,Humor & Fun & Happiness,31900000.0,United States,38.89,-77.03
251,mariliamendoncacantora,Marilia MendoncÌ§a,Music,41800000.0,Brazil,-15.78,-47.93
252,enzojfernandez,Enzo FernaÌndez âš½ï¸,Lifestyle,6200000.0,Argentina,-34.61,-58.38
253,ememyers,Emma Myers,Other,8500000.0,United States,38.89,-77.03
254,hziyech,Hakim Ziyech,Sports with a Ball,9000000.0,Morocco,34.02,-6.84
255,arigameplays,ARIGAMEPLAYS,Lifestyle,11900000.0,Mexico,19.43,-99.13
256,somsomi0309,ENNIK SOMI,Music,16200000.0,Indonesia,-6.21,106.85
257,samoylovaoxana,Samoylova Oxana,Family,15400000.0,Russia,55.75,37.62
258,krisjenner,Kris Jenner,Shows,51000000.0,United States,38.89,-77.03
259,gatenm123,Gaten Matarazzo,Music,18700000.0,Brazil,-15.78,-47.93
260,iamferv,katteyes,Lifestyle,11400000.0,Mexico,19.43,-99.13
261,garethbale11,Gareth Bale,Sports with a Ball,48900000.0,Indonesia,-6.21,106.85
262,germangarmendia,GERMAN,Cinema & Actors/actresses,15200000.0,Argentina,-34.61,-58.38
263,fabriziorom,Fabrizio Romano,Literature & Journalism,11600000.0,Italy,41.9,12.5
264,trippieredd,555,Music,13500000.0,United States,38.89,-77.03
265,bighit_ent,BigHit Music Updates,Music,12700000.0,Indonesia,-6.21,106.85
266,perrieedwards,Perrie Edwards ğŸ–¤,Modeling,16700000.0,Brazil,-15.78,-47.93
267,janhvikapoor,Janhvi Kapoor,Lifestyle,21000000.0,India,28.61,77.23
268,iammichelemorroneofficial,Michele Morrone,Lifestyle,15700000.0,Brazil,-15.78,-47.93
269,nusr_et,Nusr_et#Saltbae,Food & Cooking,49800000.0,Turkey,39.93,32.86
270,liampayne,Liam Payne,Music,24700000.0,United States,38.89,-77.03
271,kendricklamar,Kendrick Lamar,Music,12100000.0,United States,38.89,-77.03
272,norafatehi,Nora Fatehi,Cinema & Actors/actresses,43600000.0,India,28.61,77.23
274,nina,Nina Dobrev,Cinema & Actors/actresses,26000000.0,Brazil,-15.78,-47.93
275,soohyun_k216,á„€á…µá†·á„‰á…®á„’á…§á†« Kim Soo Hyun é‡‘ç§€è³¢,Other,14100000.0,Indonesia,-6.21,106.85
276,chaeyo.0,ì±„ì˜ (CHAEYOUNG),Lifestyle,7600000.0,Philippines,,
277,britneyspears,Channel 8,Music,41600000.0,United States,38.89,-77.03
278,juandediospantoja,JD PANTOJA ğŸ‡²ğŸ‡½,Music,23100000.0,Mexico,19.43,-99.13
279,madelyncline,Madelyn Cline,Cinema & Actors/actresses,12600000.0,United States,38.89,-77.03
280,antogriezmann,Antoine Griezmann,Sports with a Ball,38000000.0,Spain,40.42,-3.71
281,taeyeon_ss,TaeYeon,Music,18900000.0,South Korea,37.57,126.98
282,keerthysureshofficial,Keerthy Suresh,Beauty,14100000.0,India,28.61,77.23
283,yellow_3to3,REN JUN,Lifestyle,6700000.0,Indonesia,-6.21,106.85
284,m.by__sana,ì‚¬ë‚˜ (SANA),Lifestyle,8300000.0,Yemen,,
285,marshmello,marshmello,Music,29800000.0,United States,38.89,-77.03
286,nct,NCT Official Instagram,Music,15000000.0,Indonesia,-6.21,106.85
287,keniaos,Kenia Os,Music,14300000.0,Mexico,19.43,-99.13
288,phil.coutinho,Philippe Coutinho,Sports with a Ball,25100000.0,Brazil,-15.78,-47.93
289,sommerray,Sommer Ray,Modeling,26100000.0,United States,38.89,-77.03
290,danialves,Daniel Alves,Sports with a Ball,38400000.0,Brazil,-15.78,-47.93
291,zefelipecantor,ZeÌ,Music,25500000.0,Brazil,-15.78,-47.93
292,larissamanoela,Larissa Manoela,Cinema & Actors/actresses,47900000.0,Brazil,-15.78,-47.93
293,rauwalejandro,RAULEETO,Music,15600000.0,Spain,40.42,-3.71
294,alwaysramcharan,Ram Charan,Cinema & Actors/actresses,10800000.0,India,28.61,77.23
295,ishowspeed,IShowSpeed,Lifestyle,7200000.0,United Kingdom,51.51,-0.13
296,clean_0828,á„€á…µá†·á„‰á…¦á„Œá…¥á†¼,Lifestyle,9000000.0,Indonesia,-6.21,106.85
297,michelleobama,Michelle Obama,Finance & Economics,52000000.0,United States,38.89,-77.03
298,kevinhart4real,Kevin Hart,Cinema & Actors/actresses,160000000.0,United States,38.89,-77.03
299,bellapoarch,Bella Poarch,Lifestyle,13600000.0,United States,38.89,-77.03
300,ashishchanchlani,Ashish Chanchlani,Cinema & Actors/actresses,14400000.0,India,28.61,77.23
301,jessicah_o,Jessi / á„Œá…¦á„‰á…µ,Music,12900000.0,United States,38.89,-77.03
302,paulwesley,Paul Wesley,Cinema & Actors/actresses,12500000.0,Brazil,-15.78,-47.93
303,sophiet,S O P H I E T U R N E R,Cinema & Actors/actresses,14700000.0,United States,38.89,-77.03
304,daddyyankee,Daddy Yankee,Music,47000000.0,Argentina,-34.61,-58.38
305,kevindebruyne,Kevin De Bruyne,Sports with a Ball,19800000.0,United Kingdom,51.51,-0.13
306,greeicy,Greeicy,Shows,21700000.0,Colombia,,
307,sidmalhotra,Sidharth Malhotra,Cinema & Actors/actresses,21800000.0,India,28.61,77.23
308,bhuvan.bam22,Bhuvan Bam,Cinema & Actors/actresses,15100000.0,India,28.61,77.23
309,johnnyjsuh,Johnny Suh,Lifestyle,9100000.0,Indonesia,-6.21,106.85
310,mr_faisu_07,FAISAL SHAIKH,Modeling,28800000.0,India,28.61,77.23
311,heybiblee,á„‹á…µá„‰á…¥á†¼á„€á…§á†¼,Modeling,14500000.0,Indonesia,-6.21,106.85
312,mina_sr_my,ë¯¸ë‚˜ (MINA),Other,7100000.0,Indonesia,-6.21,106.85
313,josephquinn,Joseph Quinn,Cinema & Actors/actresses,8100000.0,Brazil,-15.78,-47.93
314,m_kayoung,MUN KA YOUNG,Cinema & Actors/actresses,8800000.0,Indonesia,-6.21,106.85
316,xxxibgdrgn,á„€á…¯á†«á„Œá…µá„‹á…­á†¼(æ¬Šå¿—é¾),Photography,21600000.0,Indonesia,-6.21,106.85
317,angelrai07,Angel Rai :),Cinema & Actors/actresses,24500000.0,India,28.61,77.23
318,9gag,9GAG: Go Fun The World,Humor & Fun & Happiness,58100000.0,Indonesia,-6.21,106.85
319,sonu_sood,Sonu Sood,Cinema & Actors/actresses,20300000.0,India,28.61,77.23
320,sadiomaneofficiel,Sadio Mane,Sports with a Ball,13000000.0,United Kingdom,51.51,-0.13
321,cbf_futebol,SeleÃ§Ã£o Brasileira de Futebol,Sports with a Ball,15700000.0,Brazil,-15.78,-47.93
322,itzy.all.in.us,ITZY,Music,18100000.0,Indonesia,-6.21,106.85
323,tigerjackieshroff,Tiger Shroff,Cinema & Actors/actresses,36100000.0,India,28.61,77.23
324,eumarielysantos,Mariely Santos,Music,8600000.0,Brazil,-15.78,-47.93
325,louist91,Louis Tomlinson,Music,18400000.0,Brazil,-15.78,-47.93
326,nattinatasha,NATTI NATASHA,Music,36100000.0,Mexico,19.43,-99.13
327,avneetkaur_13,Avneet Kaur Official,Cinema & Actors/actresses,32700000.0,India,28.61,77.23
328,jacobelordi,Jacob Elordi,Cinema & Actors/actresses,12900000.0,Brazil,-15.78,-47.93
329,casemiro,Casemiro,Sports with a Ball,19100000.0,Brazil,-15.78,-47.93
330,aespa_official,aespa á„‹á…¦á„‰á…³á„‘á…¡,Music,9700000.0,Indonesia,-6.21,106.85
331,antony00,Antony Santos,Sports with a Ball,9600000.0,Brazil,-15.78,-47.93
332,_zyozyo,JIHYO,Lifestyle,7400000.0,Indonesia,-6.21,106.85
333,parineetichopra,ğ™¿ğšŠğš›ğš’ğš—ğšğšğšğš’ ğ™²ğš‘ğš˜ğš™ğš›ğšŠ ğŸ«§,Cinema & Actors/actresses,39100000.0,India,28.61,77.23
334,kajalaggarwalofficial,Kajal A Kitchlu,Cinema & Actors/actresses,24400000.0,India,28.61,77.23
335,hyunah_aa,Hyun Ah,Music,18600000.0,South Korea,37.57,126.98
336,sachintendulkar,Sachin Tendulkar,Sports with a Ball,37500000.0,India,28.61,77.23
337,ranveersingh,Ranveer Singh,Cinema & Actors/actresses,42500000.0,India,28.61,77.23
338,conangray,Conan Gray,Music,7200000.0,United States,38.89,-77.03
339,caviarmagnat,Anton Tregubov,Lifestyle,15600000.0,Russia,55.75,37.62
340,haechanahceah,HAECHAN,Other,5400000.0,Indonesia,-6.21,106.85
341,adidasfootball,adidas Football,Sports with a Ball,32100000.0,Brazil,-15.78,-47.93
342,aurelie.hermansyah,Aurelie Hermansyah Atta,Beauty,29700000.0,Indonesia,-6.21,106.85
343,mont.pantoja,MONT,Other,12600000.0,Mexico,19.43,-99.13
344,lautaromartinez,Lautaro Javier Martinez,Sports with a Ball,8400000.0,Italy,41.9,12.5
345,kimjuncotton,SUHO,Lifestyle,10500000.0,Indonesia,-6.21,106.85
346,manurios,Manu Rios,Shows,11100000.0,Mexico,19.43,-99.13
347,c.syresmith,Jaden Smith,Cinema & Actors/actresses,19400000.0,United States,38.89,-77.03
348,anuel,â€œREAL HASTA LA MUERTEâ€,Music,30200000.0,Spain,40.42,-3.71
349,coldplay,Coldplay,Music,20400000.0,Brazil,-15.78,-47.93
350,lilnasx,dumb,Music,12300000.0,United States,38.89,-77.03
351,hero_ft,Hero Fiennes Tiffin,Cinema & Actors/actresses,7600000.0,Brazil,-15.78,-47.93
352,jy_piece,ì •ì—° (JEONGYEON),Other,6100000.0,Brazil,-15.78,-47.93
353,charlieputh,Charlie Puth,Music,17300000.0,United States,38.89,-77.03
354,saythename_17,SEVENTEEN,Music,10700000.0,Indonesia,-6.21,106.85
355,realbarbarapalvin,Barbara Palvin,Modeling,18600000.0,Russia,55.75,37.62
356,for_everyoung10,ì¥ì›ì˜ WONYOUNG,Lifestyle,6500000.0,China,39.91,116.4
357,jakepaul,Jake Paul,Cinema & Actors/actresses,21500000.0,United States,38.89,-77.03
358,ibaillanos,Ibai,Art/Artists,8300000.0,Spain,40.42,-3.71
359,_imyour_joy,Joy,Lifestyle,14400000.0,Indonesia,-6.21,106.85
360,mcdanieloficiall,Mc Daniel,Family,8000000.0,Brazil,-15.78,-47.93
361,fedez,FEDEZ,Music,14500000.0,Italy,41.9,12.5
362,burakozcivit,Burak OÌˆzcÌ§ivit,Cinema & Actors/actresses,22600000.0,Turkey,39.93,32.86
363,mariasbaby,Maria Alice e Maria Flor,Other,7900000.0,Brazil,-15.78,-47.93
364,dannapaola,Danna Paola,Music,34800000.0,Mexico,19.43,-99.13
365,leoparedes20,Leandro Paredes,Sports with a Ball,8200000.0,Argentina,-34.61,-58.38
366,yuu_taa_1026,ä¸­æœ¬æ‚ å¤ªã€€YUTA,Other,8800000.0,Indonesia,-6.21,106.85
367,leejen_o_423,LEE JENO,Other,4300000.0,Indonesia,-6.21,106.85
368,taina,TainaÌ Costa,Music,16300000.0,Brazil,-15.78,-47.93
369,hi_sseulgi,ìŠ¬ê¸° Seulgi,Modeling,12700000.0,Indonesia,-6.21,106.85
370,sunnyleone,Sunny Leone,Beauty,54400000.0,India,28.61,77.23
372,gisele,Gisele BuÌˆndchen,Modeling,20300000.0,Brazil,-15.78,-47.93
373,o.dembele7,Ousmane DembÃ©lÃ©,Sports with a Ball,12800000.0,Spain,40.42,-3.71
374,adamweitsman,Adam Weitsman,Business & Careers,19600000.0,Russia,55.75,37.62
375,hakkiakdenizz,hakki akdeniz,Business & Careers,28600000.0,Russia,55.75,37.62
376,abdevilliers17,AB de Villiers,Sports with a Ball,19900000.0,India,28.61,77.23
377,felipeneto,Felipe Neto ğŸ¦‰,Lifestyle,17000000.0,Brazil,-15.78,-47.93
378,bellathorne,BELLA,Music,25300000.0,United States,38.89,-77.03
379,chrissyteigen,chrissy teigen,Shows,40100000.0,United States,38.89,-77.03
380,hegdepooja,Pooja Hegde,Cinema & Actors/actresses,22000000.0,India,28.61,77.23
381,tenlee_1001,TEN_+â€¢10,Music,10200000.0,Indonesia,-6.21,106.85
382,paulolondra,Paulo londra,Music,13900000.0,Argentina,-34.61,-58.38
383,evaluna,Evaluna Montaner de Echeverry,Family,20900000.0,Argentina,-34.61,-58.38
384,houseofhighlights,House of Highlights,Sports with a Ball,38000000.0,United States,38.89,-77.03
385,toyajohnson,Antonia â€œToyaâ€ Johnson- Rushing,Literature & Journalism,11600000.0,United States,38.89,-77.03
386,angelinajolie,Angelina Jolie,Other,14100000.0,Brazil,-15.78,-47.93
387,shehnaazgill,Shehnaaz Gill,Cinema & Actors/actresses,13500000.0,India,28.61,77.23
388,chiaraferragni,Chiara Ferragni âœ¨,Beauty,28300000.0,Italy,41.9,12.5
389,wow_kimsohyun,á„€á…µá†·á„‰á…©á„’á…§á†«,Music,12500000.0,Indonesia,-6.21,106.85
390,colesprouse,Cole Sprouse,Modeling,35300000.0,United States,38.89,-77.03
391,frenkiedejong,Frenkie de Jong,Sports with a Ball,11000000.0,Spain,40.42,-3.71
392,maddieziegler,maddie,Cinema & Actors/actresses,13800000.0,United States,38.89,-77.03
393,raffinagita1717,Raffi Ahmad and Nagita Slavina,Shows,66100000.0,Indonesia,-6.21,106.85
394,mingue.k,ê¹€ë¯¼ê·œ,Lifestyle,6600000.0,Indonesia,-6.21,106.85
395,luisasonza,LUÃSA SONZA,Music,30700000.0,Brazil,-15.78,-47.93
396,jinyoung_0922jy,ë°•ì§„ì˜,Music,10000000.0,Indonesia,-6.21,106.85
397,urstrulymahesh,Mahesh Babu,Cinema & Actors/actresses,9400000.0,India,28.61,77.23
398,dahhyunnee,ë‹¤í˜„ (DAHYUN),Music,6900000.0,Brazil,-15.78,-47.93
399,pozevidalouca,Poze Do Rodo ğŸ¤‘,Lifestyle,9900000.0,Brazil,-15.78,-47.93
400,prillylatuconsina96,Prilly Latuconsina,Cinema & Actors/actresses,50400000.0,Indonesia,-6.21,106.85
401,lestykejora,Lestikejora,Music,26900000.0,Indonesia,-6.21,106.85
402,lomon991111,Lomon 991111,Other,5900000.0,India,28.61,77.23
403,ananyapanday,Ananya ğŸ’›ğŸ’«,Cinema & Actors/actresses,24100000.0,India,28.61,77.23
404,lucaspaqueta,Lucas PaquetaÌ,Sports with a Ball,8900000.0,Brazil,-15.78,-47.93
405,rizkybillar,Muhammad Rizky Billar,Shows,12700000.0,Indonesia,-6.21,106.85
406,rodrygogoes,Rodrygo Goes - RG âš¡ï¸ğŸ‡§ğŸ‡·,Lifestyle,9700000.0,Brazil,-15.78,-47.93
407,gusein.gasanov,Ğ“Ğ£Ğ¡Ğ•Ğ˜Ì†Ğ Ğ“ĞĞ¡ĞĞĞĞ’,Shows,23400000.0,Russia,55.75,37.62
408,kehlani,Kehlani,Music,14500000.0,United States,38.89,-77.03
409,wwiinn_7,WINWIN,Other,7700000.0,Indonesia,-6.21,106.85
410,bretmanrock,Bretman (Da Baddest) Rock,Art/Artists,18500000.0,United States,38.89,-77.03
411,imcryansp,GORDIN BOLOLO ğŸ«¶ğŸ½,Lifestyle,6400000.0,Brazil,-15.78,-47.93
412,wi__wi__wi,á„‹á…±á„’á…¡á„Œá…®á†« Wi Ha Jun,Lifestyle,10400000.0,South Korea,37.57,126.98
413,joeyking,Joey King,Music,18800000.0,Brazil,-15.78,-47.93
414,yasmine_sabri,Yasmine Sabri,Cinema & Actors/actresses,20000000.0,Egypt,,
415,gusttavolima,ğŸ› Gusttavo Lima ğŸ›,Music,43900000.0,Brazil,-15.78,-47.93
416,ncentineo,Noah,Cinema & Actors/actresses,16300000.0,Brazil,-15.78,-47.93
417,kiaraaliaadvani,KIARA,Cinema & Actors/actresses,26200000.0,India,28.61,77.23
418,madhuridixitnene,Madhuri Dixit,Music,33900000.0,India,28.61,77.23
419,marcusrashford,Marcus Rashford MBE,Sports with a Ball,13100000.0,United Kingdom,51.51,-0.13
420,lizasoberano,Liza Soberano,Beauty,17600000.0,Philippines,,
421,lilyjcollins,Lily Collins,Cinema & Actors/actresses,27100000.0,Mexico,19.43,-99.13
422,channingtatum,Channing Tatum,Cinema & Actors/actresses,16900000.0,United States,38.89,-77.03
423,amauryguichon,Amaury Guichon,Food & Cooking,10600000.0,United States,38.89,-77.03
424,actorprabhas,Prabhas,Shows,9100000.0,India,28.61,77.23
425,maya_hawke,Maya Hawke,Cinema & Actors/actresses,10700000.0,United States,38.89,-77.03
426,pedri,Pedri GonzÃ¡lez,Sports with a Ball,9200000.0,Spain,40.42,-3.71
427,jasonderulo,Jason Derulo,Music,21300000.0,United States,38.89,-77.03
428,judebellingham,Jude Bellingham,Lifestyle,5200000.0,United Kingdom,51.51,-0.13
429,thiagosilva,Thiago Silva,Sports with a Ball,21100000.0,Brazil,-15.78,-47.93
430,annehathaway,Anne Hathaway,Cinema & Actors/actresses,25800000.0,United States,38.89,-77.03
431,sound_of_coups,COUPS,Other,4900000.0,Indonesia,-6.21,106.85
432,pele,PeleÌ,Sports with a Ball,12300000.0,Brazil,-15.78,-47.93
433,neslihanatagul,Neslihan AtaguÌˆl DogÌ†ulu,Cinema & Actors/actresses,13700000.0,Turkey,39.93,32.86
434,pugachevmark,Mark Pugachev,Cars & Motorbikes,15600000.0,Russia,55.75,37.62
435,hshq,Harry Styles HQ,Music,6900000.0,United States,38.89,-77.03
436,cazzu,â™¡ ğ–“ğ–Šğ–“ğ–† á´›Ê€á´€á´á´˜á´€,Music,10900000.0,Argentina,-34.61,-58.38
437,jensenackles,Jensen Ackles,Cinema & Actors/actresses,10200000.0,United States,38.89,-77.03
438,joshu_acoustic,Joshua Hong,Music,5500000.0,India,28.61,77.23
439,bramastavrl,Verrell Bramasta,Cinema & Actors/actresses,25700000.0,Indonesia,-6.21,106.85
440,andresiniesta8,Andres Iniesta,Sports with a Ball,40700000.0,India,28.61,77.23
441,alexandradaddario,alexandra daddario,Cinema & Actors/actresses,22800000.0,India,28.61,77.23
442,nba,NBA,Sports with a Ball,73900000.0,United States,38.89,-77.03
443,nba_youngboy,PAIN REAL.ğŸ©¸,Art/Artists,10700000.0,United States,38.89,-77.03
444,kevinhart4real,Kevin Hart,Cinema & Actors/actresses,160800000.0,United States,38.89,-77.03
445,camilo,C A M I L O,Music,27900000.0,Argentina,-34.61,-58.38
446,juandam___,JuanDa.,Other,5000000.0,Colombia,,
447,bigsean,BIGSEAN,Music,15800000.0,United States,38.89,-77.03
448,hm_son7,Son HeungMin(ì†í¥ë¯¼)ğŸ‡°ğŸ‡·,Sports with a Ball,10800000.0,Brazil,-15.78,-47.93
449,kyo1122,Song hyekyo,Cinema & Actors/actresses,13500000.0,Indonesia,-6.21,106.85
450,polo.capalot,Polo.GğŸ,Music,10500000.0,United States,38.89,-77.03
451,donya,Donya,Lifestyle,15400000.0,Iran,35.69,51.39
452,jheneaiko,JheneÌ Aiko Efuru Chilombo ğŸ”®,Music,16000000.0,United States,38.89,-77.03
453,marvel,Marvel Entertainment,Cinema & Actors/actresses,67300000.0,India,28.61,77.23
454,zachking,Zach King,Shows,24600000.0,Indonesia,-6.21,106.85
455,arcangel,"HONOR,LEALTAD Y RESPETO.",Music,14500000.0,United States,38.89,-77.03
456,princeandprincessofwales,The Prince and Princess of Wales,Family,14600000.0,United States,38.89,-77.03
457,demetozdemir,Demet OÌˆzdemir,Cinema & Actors/actresses,15600000.0,India,28.61,77.23
458,thebursin,Kerem BuÌˆrsin,Cinema & Actors/actresses,11000000.0,Russia,55.75,37.62
459,cocielo,JuÌlio Cocielo Estaniecki,Cinema & Actors/actresses,20200000.0,Brazil,-15.78,-47.93
460,centralcee,ğŸ“²,Lifestyle,5500000.0,United Kingdom,51.51,-0.13
461,gessicakayane,GKAY,Shows,20700000.0,Brazil,-15.78,-47.93
462,surya_14kumar,Surya Kumar Yadav (SKY),Lifestyle,5700000.0,India,28.61,77.23
463,faz3,Fazza,Lifestyle,15100000.0,United Arab Emirates,,
464,memezar,MEMEZAR â€¢ Comedy and Culture,Cinema & Actors/actresses,22500000.0,United States,38.89,-77.03
465,klrahul,KL RahulğŸ‘‘,Sports with a Ball,13400000.0,India,28.61,77.23
466,dra.deolanebezerra,Deolane Bezerra âš–ï¸,Beauty,15800000.0,Brazil,-15.78,-47.93
467,toni.kr8s,Toni Kroos,Sports with a Ball,36600000.0,Germany,,
468,_mariahwasa,HWASA,Music,8400000.0,Brazil,-15.78,-47.93
469,anyataylorjoy,Anya Taylor-Joy,Modeling,9200000.0,United States,38.89,-77.03
470,hannahstocking,Hannah Stocking,Modeling,23300000.0,United States,38.89,-77.03
471,lucasranngel,LUCAS RANGEL,Lifestyle,20500000.0,Brazil,-15.78,-47.93
472,canelo,Saul Alvarez,Fitness & Gym,14400000.0,Mexico,19.43,-99.13
473,kit.connor,Kit Connor,Cinema & Actors/actresses,4800000.0,United States,38.89,-77.03
474,alvaromorata,AÌlvaro Morata,Sports with a Ball,18900000.0,Italy,41.9,12.5
475,cvillaloboss,CARMEN VILLALOBOS,Shows,21300000.0,Colombia,,
476,dqsalmaan,Dulquer Salmaan,Cinema & Actors/actresses,11900000.0,India,28.61,77.23
477,mccabelinho,LITTLE HAIR,Lifestyle,7200000.0,Brazil,-15.78,-47.93
478,darianrojasc,DARIAN R. C R A W S T O N âœ—,Lifestyle,7900000.0,Mexico,19.43,-99.13
479,ronaldinho,Ronaldo de Assis Moreira,Sports with a Ball,69100000.0,Brazil,-15.78,-47.93
480,djxiao_888,XIAOJUN,Music,7100000.0,Indonesia,-6.21,106.85
481,dntlrdl,CHOIWOOSHIK,Lifestyle,7200000.0,Indonesia,-6.21,106.85
482,jadepicon,JADE ğŸŒª,Modeling,21600000.0,Brazil,-15.78,-47.93
483,serna_amini,Serna Amini,Other,9800000.0,Iran,35.69,51.39
484,miguel.g.herran,Miguel HerraÌn,Cinema & Actors/actresses,13300000.0,Brazil,-15.78,-47.93
485,lamborghini,Lamborghini,Luxury,32500000.0,India,28.61,77.23
486,bhadbhabie,Bhabie,Music,16200000.0,United States,38.89,-77.03
487,soueunavida,Sou Eu Na Vida,Humor & Fun & Happiness,18100000.0,Brazil,-15.78,-47.93
488,natashawilona12,Natasha Wilona,Beauty,40500000.0,Indonesia,-6.21,106.85
489,fuji_an,Fujianti Utami Putri,Lifestyle,12000000.0,Indonesia,-6.21,106.85
490,papugomez_official,Ä±llÄ±llÄ± Papu Gomez  Ä±llÄ±llÄ±,Family,6500000.0,Italy,41.9,12.5
491,gabigol,Gabriel Barbosa,Sports with a Ball,10500000.0,Brazil,-15.78,-47.93
492,ana_d_armas,A N A   D E   A R M A S,Cinema & Actors/actresses,8800000.0,United States,38.89,-77.03
493,rogerfederer,Roger Federer,Sports with a Ball,11100000.0,Spain,40.42,-3.71
494,anahi,Anahi,Music,10700000.0,Brazil,-15.78,-47.93
495,mathildtantot,Mathilde,Lifestyle,9800000.0,United States,38.89,-77.03
496,raphaelvarane,Raphael Varane,Sports with a Ball,20400000.0,Spain,40.42,-3.71
497,obj,Odell Beckham Jr,Sports with a Ball,16800000.0,United States,38.89,-77.03
498,layzhang,Lay Zhang,Music,14200000.0,Indonesia,-6.21,106.85
499,virgilvandijk,Virgil van Dijk,Sports with a Ball,13100000.0,United Kingdom,51.51,-0.13
500,frenchmontana,French Montana,Music,34200000.0,United States,38.89,-77.03
501,virgilvandijk,Virgil van Dijk,Sports with a Ball,13100000.0,United Kingdom,51.51,-0.13
502,frenchmontana,French Montana,Music,34200000.0,United States,38.89,-77.03
503,yerimiese,Yeri,Lifestyle,10800000.0,Indonesia,-6.21,106.85
504,superstar_dewasi99,SUPERSTARDEWASI 99,Music,13600000.0,India,28.61,77.23
505,parishilton,Paris Hilton,Modeling,21200000.0,United States,38.89,-77.03
506,jenniferwinget1,Jennifer Winget,Cinema & Actors/actresses,14200000.0,India,28.61,77.23
507,gianlucavacchi,Gianluca Vacchi,Lifestyle,22800000.0,Brazil,-15.78,-47.93
508,iscoalarcon,Isco Alarcon Suarez,Sports with a Ball,26400000.0,Spain,40.42,-3.71
509,romeosantos,Romeo Santos,Music,19800000.0,United States,38.89,-77.03
510,thibautcourtois,Thibaut Courtois,Sports with a Ball,11700000.0,Spain,40.42,-3.71
511,todayis_wendy,Wendy,Lifestyle,7300000.0,Indonesia,-6.21,106.85
512,ksi,KSI,Music,12400000.0,United Kingdom,51.51,-0.13
513,imouniroy,mon,Cinema & Actors/actresses,25600000.0,India,28.61,77.23
514,melo,LaMelo Ball,Lifestyle,9400000.0,United States,38.89,-77.03
515,peytonlist,Peyton List,Cinema & Actors/actresses,20700000.0,United States,38.89,-77.03
516,yangyang_x2,YangYang á„‹á…£á†¼á„‹á…£á†¼,Music,6700000.0,Indonesia,-6.21,106.85
517,simonettalein,Simonetta Lein,Beauty,14100000.0,India,28.61,77.23
518,everyone_woo,Wonwoo,Music,4100000.0,Indonesia,-6.21,106.85
519,liamhemsworth,Liam Hemsworth,Cinema & Actors/actresses,13000000.0,United States,38.89,-77.03
520,kingbach,King Bach,Music,23500000.0,United States,38.89,-77.03
521,sivakarthikeyan,Sivakarthikeyan Doss,Other,5500000.0,India,28.61,77.23
522,shaymitchell,Shay Mitchell,Beauty,35000000.0,United States,38.89,-77.03
523,bugatti,BUGATTI,Cars & Motorbikes,17500000.0,United States,38.89,-77.03
524,txt_bighit,TOMORROW X TOGETHER OFFICIAL,Other,13100000.0,Indonesia,-6.21,106.85
525,mterstegen1,Marc ter Stegen,Sports with a Ball,13800000.0,Spain,40.42,-3.71
526,indiancricketteam,Team India,Sports with a Ball,27000000.0,India,28.61,77.23
527,deiveleonardo,Deive Leonardo,Literature & Journalism,12900000.0,Brazil,-15.78,-47.93
528,davikah,davikah,Modeling,17400000.0,Thailand,,
529,djsnake,djsnake,Music,10000000.0,India,28.61,77.23
530,whinderssonnunes,Whindersson Nunes,Humor & Fun & Happiness,58600000.0,Brazil,-15.78,-47.93
531,xuminghao_o,The8 ë””ì—ì‡,Music,5800000.0,Indonesia,-6.21,106.85
532,memphisdepay,Memphis Depay,Sports with a Ball,16100000.0,France,48.86,2.35
533,iqbaal.e,Iqbaal Ramadhan,Cinema & Actors/actresses,13800000.0,Indonesia,-6.21,106.85
534,barbieferreira,barbie ferreira,Music,6000000.0,United States,38.89,-77.03
536,nicolasotamendi30,Twitter Oficial: @Notamendi30,Sports with a Ball,6900000.0,Argentina,-34.61,-58.38
537,winmetawin,Win Metawin O.,Lifestyle,14100000.0,Philippines,,
538,ileana_official,Ileana D'Cruz,Cinema & Actors/actresses,15700000.0,India,28.61,77.23
539,sav.labrant,Savannah Rose LaBrant,Family,7200000.0,United States,38.89,-77.03
540,kjapa,KJ Apa,Cinema & Actors/actresses,18200000.0,United States,38.89,-77.03
541,charles_leclerc,Charles Leclerc,Racing Sports,9700000.0,Italy,41.9,12.5
542,florencepugh,Florence Pugh,Humor & Fun & Happiness,8500000.0,United States,38.89,-77.03
543,vinniehacker,â€ ,Lifestyle,5800000.0,United States,38.89,-77.03
544,mancity,Manchester City,Sports with a Ball,37000000.0,Indonesia,-6.21,106.85
545,quackity,quackity,Other,4400000.0,United States,38.89,-77.03
546,ab,Antonio Brown,Sports with a Ball,12400000.0,United States,38.89,-77.03
547,sofiacarson,Sofia Carson,Music,20400000.0,Brazil,-15.78,-47.93
548,kaka,KakaÌ,Sports with a Ball,19600000.0,Brazil,-15.78,-47.93
549,d_a___m_i,KIM DA MI,Other,4700000.0,Indonesia,-6.21,106.85
550,tamannaahspeaks,Tamannaah Bhatia,Music,19100000.0,India,28.61,77.23
551,leaelui,Lea Elui G,Modeling,11200000.0,India,28.61,77.23
552,bocade09,Boca de 09,Lifestyle,6800000.0,Brazil,-15.78,-47.93
553,snejanaonopka15,Snejana Onopka,Modeling,11400000.0,Russia,55.75,37.62
554,demirose,Demi ğŸŒ¹,Modeling,19900000.0,India,28.61,77.23
555,wesleysafadao,Wesley SafadaÌƒo,Music,38300000.0,Brazil,-15.78,-47.93
556,sugaringcandy,JUNGWOO,Other,3900000.0,South Korea,37.57,126.98
557,7_luhan_m,é¹¿ Han,Music,12700000.0,Indonesia,-6.21,106.85
558,agnezmo,AGNEZ MO,Music,29900000.0,Indonesia,-6.21,106.85
559,danielricciardo,Daniel Ricciardo,Racing Sports,7700000.0,United States,38.89,-77.03
560,kun11xd,KUN,Lifestyle,7100000.0,Indonesia,-6.21,106.85
561,yugyeom,KYUM,Music,11800000.0,Indonesia,-6.21,106.85
562,thehughjackman,Hugh Jackman,Cinema & Actors/actresses,30700000.0,United States,38.89,-77.03
563,lilpeep,lil peep,Music,7700000.0,United States,38.89,-77.03
564,dylansprouse,Dylan Sprouse,Cinema & Actors/actresses,9000000.0,United States,38.89,-77.03
565,anjimaxuofficially,Anjali Arora,Lifestyle,12200000.0,India,28.61,77.23
566,l7nnon,L7,Lifestyle,10300000.0,Brazil,-15.78,-47.93
567,jeonghaniyoo_n,ìœ¤ì •í•œ,Lifestyle,4100000.0,Iran,35.69,51.39
568,k.kbeom,á„€á…µá†·á„‡á…¥á†· kimbum,Other,5500000.0,Indonesia,-6.21,106.85
569,lukehemmings,Luke Hemmings,Music,8100000.0,United States,38.89,-77.03
570,sthefanematos,STHE âš“ï¸,Lifestyle,10400000.0,Brazil,-15.78,-47.93
571,lizakoshy,Liza Koshy,Cinema & Actors/actresses,20300000.0,United States,38.89,-77.03
572,lexibrookerivera,Lexi Rivera,Shows,8400000.0,United States,38.89,-77.03
573,ahmedabohashima,Ahmed Abouhashima,Business & Careers,19100000.0,Egypt,,
574,nickyjam,NICKY JAM,Music,43900000.0,Spain,40.42,-3.71
575,srinidhi_shetty,Srinidhi Shetty ğŸŒ¸,Beauty,4800000.0,India,28.61,77.23
576,hztttao,Z.TAOğŸ”´é»„å­éŸ¬,Music,11200000.0,Indonesia,-6.21,106.85
577,barackobama,Barack Obama,Finance & Economics,35500000.0,United States,38.89,-77.03
578,amandacerny,Amanda ğ•®ğ–Šğ–—ğ–“ğ–,Humor & Fun & Happiness,23500000.0,India,28.61,77.23
579,roberto_firmino,R O B E R T O F I R M I N O,Sports with a Ball,14000000.0,Brazil,-15.78,-47.93
580,loud_victor,Victor Augusto,Lifestyle,10900000.0,Brazil,-15.78,-47.93
581,gururandhawa,Guru Randhawa,Music,33500000.0,India,28.61,77.23
582,nianaguerrero,Niana,Music,14300000.0,Indonesia,-6.21,106.85
583,alexadellanos,Alexa Dellanos,Lifestyle,10200000.0,United States,38.89,-77.03
584,machinegunkelly,Mr. Pink,Music,9500000.0,United States,38.89,-77.03
585,belindapop,Beli,Music,15800000.0,Mexico,19.43,-99.13
586,smriti_mandhana,Smriti Mandhana,Sports with a Ball,6900000.0,India,28.61,77.23
587,yasminabdelaziz_,Yasmin Abdelaziz,Cinema & Actors/actresses,16300000.0,Egypt,,
589,paulwalker,Paul Walker,Cinema & Actors/actresses,15600000.0,India,28.61,77.23
590,arishfakhan138,Sayyed Arishfa Khan ğŸ’,Cinema & Actors/actresses,29200000.0,India,28.61,77.23
591,alfinetei,Alfinetadas Dos Famosos ğŸ“Œ,Humor & Fun & Happiness,22300000.0,Brazil,-15.78,-47.93
592,mauroicardi,ğ•„ğ”¸ğ•Œâ„ğ•† ğ•€â„‚ğ”¸â„ğ”»ğ•€,Sports with a Ball,8800000.0,Italy,41.9,12.5
593,yailinlamasviralreal,Yailin la Mas Viral â™‹ï¸ğŸ§¿,Lifestyle,6300000.0,United States,38.89,-77.03
594,jin_bighitentertainment,JIN (á„€á…µá†·á„‰á…¥á†¨á„Œá…µá†«) Updates,Other,7800000.0,Indonesia,-6.21,106.85
595,maneskinofficial,MaÌŠneskin,Modeling,6400000.0,Italy,41.9,12.5
596,elrodrigocontreras,RODğŸ¥´,Lifestyle,12600000.0,Mexico,19.43,-99.13
597,fcbayern,FC Bayern,Sports with a Ball,35500000.0,Germany,,
598,nct127,NCT 127 Official Instagram,Music,14900000.0,Indonesia,-6.21,106.85
599,nikolasferreiradm,Nikolas Ferreira ğŸ‡§ğŸ‡·,Lifestyle,6100000.0,Brazil,-15.78,-47.93
600,chelseafc,Chelsea FC,Sports with a Ball,36800000.0,Indonesia,-6.21,106.85
601,jojotodynho,JoJo,Music,24600000.0,Brazil,-15.78,-47.93
602,valentinazenere,Valentina Zenere,Modeling,10700000.0,Brazil,-15.78,-47.93
603,jokowi,Joko Widodo,Finance & Economics,49400000.0,Indonesia,-6.21,106.85
604,annakendrick47,Anna Kendrick,Cinema & Actors/actresses,22900000.0,United States,38.89,-77.03
605,alishalehmann7,Alisha Lehmann,Sports with a Ball,10200000.0,Brazil,-15.78,-47.93
606,missasinfonia,MissaSinfonia,Cinema & Actors/actresses,6300000.0,Mexico,19.43,-99.13
607,zoeisabellakravitz,ZoeÌˆ Kravitz,Cinema & Actors/actresses,8300000.0,United States,38.89,-77.03
608,brfootball,Bleacher Report Football,Sports with a Ball,13500000.0,United States,38.89,-77.03
609,fifaworldcup,FIFA World Cup,Sports with a Ball,38500000.0,India,28.61,77.23
610,hadise,Hadise,Music,14200000.0,Turkey,39.93,32.86
611,wanda_nara,Wanda nara,Lifestyle,15500000.0,Argentina,-34.61,-58.38
612,thenotoriousmma,Conor McGregor Official,Fitness & Gym,46100000.0,United States,38.89,-77.03
613,ansufati,Ansu Fati,Sports with a Ball,9500000.0,Spain,40.42,-3.71
614,golfarahani,Golshifteh Farahani,Cinema & Actors/actresses,15100000.0,Iran,35.69,51.39
615,portugal,Portugal,Sports with a Ball,12700000.0,Portugal,,
616,angela_aguilar_,AÌngela Aguilar ğŸ‡²ğŸ‡½,Music,9100000.0,Mexico,19.43,-99.13
617,dejesusoficial,Gabriel Jesus,Sports with a Ball,20300000.0,Brazil,-15.78,-47.93
618,darshanravaldz,Darshan Raval #TumMere,Music,15500000.0,India,28.61,77.23
619,giannis_an34,Giannis Ugo Antetokounmpo,Sports with a Ball,13900000.0,United States,38.89,-77.03
620,malutrevejo,MaluÌ ğ“‚€,Music,11500000.0,United States,38.89,-77.03
621,hilaryduff,Hilary Duff,Cinema & Actors/actresses,23800000.0,United States,38.89,-77.03
622,abdu_rozik,Abduroziq Official,Music,6500000.0,Russia,55.75,37.62
623,princeroyce,Prince Royce,Music,14600000.0,United States,38.89,-77.03
624,saharghoreyshiofficialpage,Ø³Ø­Ø± Ù‚Ø±ÙŠØ´Ù‰ Sahar Ghoreyshi,Other,11700000.0,Iran,35.69,51.39
625,lupitanyongo,Lupita Nyong'o,Art/Artists,10400000.0,United States,38.89,-77.03
627,enriqueiglesias,Enrique Iglesias,Music,17800000.0,India,28.61,77.23
628,leonardodicaprio,Leonardo DiCaprio,Cinema & Actors/actresses,56000000.0,United States,38.89,-77.03
629,shikhardofficial,Shikhar Dhawan,Sports with a Ball,12900000.0,India,28.61,77.23
630,victoriajustice,Victoria Justice,Music,23300000.0,United States,38.89,-77.03
631,_seorina,á„‰á…¥á†¯á„‹á…µá†«á„‹á…¡ sá´‡á´Ê€ÉªÉ´á´€,Lifestyle,7200000.0,South Korea,37.57,126.98
632,otabek_muhammadalievich,Otabek Umarov,Other,20000000.0,Russia,55.75,37.62
633,alok,Alok Petrillo,Music,28000000.0,Brazil,-15.78,-47.93
634,wizkidayo,BIG WIZğŸ¦…,Music,16100000.0,Nigeria,,
635,fedevalverde,Fede Valverde,Sports with a Ball,8000000.0,Spain,40.42,-3.71
636,vanessahudgens,ğŸ”®Vanessa HudgensğŸ”®,Cinema & Actors/actresses,47900000.0,United States,38.89,-77.03
637,nancyajram,Nancy Ajram,Music,34100000.0,Iraq,,
638,_shotaroo_,SHOTARO ã‚·ãƒ§ã‚¦ã‚¿ãƒ­ã‚¦,Lifestyle,5800000.0,South Korea,37.57,126.98
639,ler_chek,Ğ’Ğ°Ğ»ĞµÑ€Ğ¸Ñ Ğ§ĞµĞºĞ°Ğ»Ğ¸Ğ½Ğ°,Lifestyle,10500000.0,Russia,55.75,37.62
640,redvelvet.smtown,Red Velvet Official,Music,11900000.0,Indonesia,-6.21,106.85
641,nita_shilimkar,Nita Shilimkar,Lifestyle,12000000.0,India,28.61,77.23
642,afaseleccion,SelecciÃ³n Argentina,Sports with a Ball,10500000.0,Argentina,-34.61,-58.38
643,julienco_,! Julian,Lifestyle,6500000.0,Germany,,
644,you_r_love,á„€á…µá†·á„‹á…²á„Œá…¥á†¼  KIM YOU JUNG ğŸ‡°ğŸ‡·,Other,6600000.0,Indonesia,-6.21,106.85
645,olamide,OlamideÌ,Music,10200000.0,Nigeria,,
647,sureshraina3,Suresh Raina,Modeling,22100000.0,India,28.61,77.23
648,daquan,Daquan,Humor & Fun & Happiness,16500000.0,United States,38.89,-77.03
649,trentarnold66,Trent Alexander-Arnold,Lifestyle,8500000.0,United Kingdom,51.51,-0.13
650,karelyruiz,Karely Ruiz,Lifestyle,7300000.0,Mexico,19.43,-99.13
651,yefersoncossio,Yef,Lifestyle,10100000.0,Colombia,,
652,eizagonzalez,Eiza Gonzalez,Cinema & Actors/actresses,7600000.0,Mexico,19.43,-99.13
653,becaa_barreto,Rebeca ğŸŒ™,Lifestyle,10700000.0,Brazil,-15.78,-47.93
654,_chaechae_1,ê¹€ì±„ì› (CHAEWON),Lifestyle,3900000.0,South Korea,37.57,126.98
655,tannerbuchananofficial,Tanner Buchanan Official,Cinema & Actors/actresses,4100000.0,United States,38.89,-77.03
656,tiffanyyoungofficial,tiffany young,Modeling,13500000.0,Indonesia,-6.21,106.85
657,amitabhbachchan,Amitabh Bachchan,Cinema & Actors/actresses,32200000.0,India,28.61,77.23
658,aleoliveiracm,AleÌ‚ Oliveira,Humor & Fun & Happiness,8600000.0,Brazil,-15.78,-47.93
659,myketowers,MICHAEL,Music,9700000.0,Spain,40.42,-3.71
660,adamsandler,Adam Sandler,Cinema & Actors/actresses,14800000.0,United States,38.89,-77.03
661,juventus,Juventus,Sports with a Ball,55900000.0,India,28.61,77.23
662,wizkhalifa,Wiz Khalifa,Music,39400000.0,India,28.61,77.23
663,dixiedamelio,dixie,Music,24100000.0,United States,38.89,-77.03
664,maxverstappen1,Max Verstappen,Racing Sports,9500000.0,United States,38.89,-77.03
665,subo_m,Subhan Mamedov,Shows,10600000.0,Russia,55.75,37.62
666,schwarzenegger,Arnold Schwarzenegger,Cinema & Actors/actresses,22900000.0,United States,38.89,-77.03
667,pledis_boos,ìŠ¹ê´€ SEUNGKWAN,Music,5000000.0,Indonesia,-6.21,106.85
668,litkillah,SnipeZğŸ§ª,Music,8300000.0,Argentina,-34.61,-58.38
669,mrunalthakur,Mrunal Thakur,Beauty,7400000.0,India,28.61,77.23
670,diljitdosanjh,DILJIT DOSANJH,Cinema & Actors/actresses,14300000.0,India,28.61,77.23
671,klaythompson,Klay Thompson,Sports with a Ball,14100000.0,United States,38.89,-77.03
672,fadiljaidi,Fadil Jaidi,Lifestyle,8200000.0,Indonesia,-6.21,106.85
673,rakulpreet,Rakul Singh,Cinema & Actors/actresses,22600000.0,India,28.61,77.23
674,shivangijoshi18,à¤¶à¤¿à¤µà¤¾à¤‚à¤—à¥€ à¤œà¥‹à¤¶à¥€,Lifestyle,7600000.0,India,28.61,77.23
675,letthelordbewithyou,Scott Disick,Lifestyle,27900000.0,United States,38.89,-77.03
676,joaofelix79,JoaÌƒo FeÌlix,Sports with a Ball,6200000.0,Spain,40.42,-3.71
677,yuzi_chahal23,Yuzvendra Chahal,Lifestyle,8300000.0,India,28.61,77.23
678,tombrady,Tom Brady,Sports with a Ball,13000000.0,United States,38.89,-77.03
679,adrianalima,Adriana Lima,Modeling,15200000.0,United States,38.89,-77.03
680,jordynwoods,HEIR JORDYN,Modeling,12600000.0,United States,38.89,-77.03
681,pedroguilherme,Pedro Guilherme,Lifestyle,5500000.0,Brazil,-15.78,-47.93
682,easportsfifa,EA SPORTS FIFA,Sports with a Ball,28300000.0,Spain,40.42,-3.71
683,anastasiya_kvitko,AK ğŸ¤,Lifestyle,12400000.0,United States,38.89,-77.03
684,tiwasavage,Dr Tiwa Savage âš”ï¸,Lifestyle,16000000.0,Nigeria,,
685,anyageraldine,anya geraldine,Music,11400000.0,Indonesia,-6.21,106.85
686,dk_is_dokyeom,ë„ê²¸,Lifestyle,4000000.0,Indonesia,-6.21,106.85
687,vernonline,Vernon ë²„ë…¼,Other,5100000.0,Japan,,
688,dindahw,Dinda Hauw,Cinema & Actors/actresses,15200000.0,Indonesia,-6.21,106.85
689,princessyahrini,SYAHRINI,Music,41200000.0,Indonesia,-6.21,106.85
690,jxxvvxxk,á„‹á…µá„Œá…¢á„‹á…®á†¨,Other,4300000.0,Indonesia,-6.21,106.85
691,philfoden,Phil Foden,Lifestyle,6300000.0,United Kingdom,51.51,-0.13
692,netflixbrasil,Netflix Brasil,Shows,34200000.0,Brazil,-15.78,-47.93
693,onwardwanna,"Javon ""Wanna"" Walton",Lifestyle,5900000.0,United States,38.89,-77.03
694,ivetesangalo,Veveta,Music,35000000.0,Brazil,-15.78,-47.93
695,jessicajane99,Jessica Jane,Shows,6100000.0,Indonesia,-6.21,106.85
696,baifernbah,baifernbah,Lifestyle,11700000.0,Indonesia,-6.21,106.85
697,premierleague,Premier League,Sports with a Ball,61600000.0,United Kingdom,51.51,-0.13
698,weareone.exo,EXO Official,Music,10000000.0,Indonesia,-6.21,106.85
700,playstation,PlayStation,Gaming,29100000.0,United States,38.89,-77.03
701,manchesterunited,Manchester United,Sports with a Ball,60700000.0,United Kingdom,51.51,-0.13
702,neymarjrsiteoficial,Neymar Jr Site,Sports with a Ball,12100000.0,Brazil,-15.78,-47.93
703,ellenpompeo,Ellen Pompeo,Cinema & Actors/actresses,9900000.0,Brazil,-15.78,-47.93
704,haifawehbe,Haifa Wehbe,Music,11000000.0,Iraq,,
705,marcoasensio10,Marco Asensio,Sports with a Ball,14800000.0,Spain,40.42,-3.71
706,bleacherreport,Bleacher Report,Sports with a Ball,20100000.0,United States,38.89,-77.03
707,camilaloures,Camila Loures,Shows,18700000.0,Brazil,-15.78,-47.93
708,jailyneojeda,Jailyne Ojeda Ochoa,Modeling,14200000.0,United States,38.89,-77.03
709,ho5hi_kwon,HOSHI,Lifestyle,4300000.0,Indonesia,-6.21,106.85
710,briandadeyanara,BRIANDA ğŸ’–,Lifestyle,13800000.0,Mexico,19.43,-99.13
711,alvxaro,ALVARO,Lifestyle,10700000.0,Brazil,-15.78,-47.93
712,thegirljt,JTğŸ˜¸,Music,6000000.0,United States,38.89,-77.03
713,wos.ds3,ValentiÌn Oliva,Music,6800000.0,Argentina,-34.61,-58.38
714,manuelneuer,Manuel Neuer,Sports with a Ball,12200000.0,Germany,,
715,naileadevora,nai,Lifestyle,5400000.0,United States,38.89,-77.03
716,sportscenter,SportsCenter,Sports with a Ball,32500000.0,United States,38.89,-77.03
717,dew_jsu,2000,Beauty,6700000.0,Indonesia,-6.21,106.85
718,valeyellow46,Valentino Rossi,Racing Sports,14600000.0,Indonesia,-6.21,106.85
719,nobru,Bruno Goes ğŸ­,Machinery & Technologies,13900000.0,Brazil,-15.78,-47.93
720,afrasaracoglu,Afra,Cinema & Actors/actresses,5700000.0,Turkey,39.93,32.86
721,vousmevoyez,KRYSTAL,Music,10500000.0,Indonesia,-6.21,106.85
722,fuckjerry,FUCKJERRY,Humor & Fun & Happiness,16700000.0,United States,38.89,-77.03
723,salmahayek,Salma Hayek Pinault,Cinema & Actors/actresses,22200000.0,United States,38.89,-77.03
724,sebastianyatra,Sebastian Yatra,Music,30000000.0,Argentina,-34.61,-58.38
725,riyadmahrez26.7,RM26,Sports with a Ball,9700000.0,Algeria,,
726,aliandooo,Aliando Syarief,Music,17800000.0,Indonesia,-6.21,106.85
727,myriamfares,Myriam Fares,Music,22400000.0,Iraq,,
728,arcticmonkeys,Arctic Monkeys,Music,5400000.0,United States,38.89,-77.03
729,eilirjani,Elton ILIRJANI,Adult content,10700000.0,Albania,,
730,simonemendes,Simone Mendes,Music,36000000.0,Brazil,-15.78,-47.93
731,mchariel,MC Hariel,Music,10500000.0,Brazil,-15.78,-47.93
732,rodwave,RodWave,Other,6100000.0,United States,38.89,-77.03
733,tiagopzk,GOTTI A,Music,5800000.0,Argentina,-34.61,-58.38
735,simaria,Simaria,Music,28200000.0,Brazil,-15.78,-47.93
736,sonamkapoor,Sonam Kapoor Ahuja,Fashion,34200000.0,India,28.61,77.23
737,nehasharmaofficial,Neha Sharma ğŸ’«,Cinema & Actors/actresses,15000000.0,India,28.61,77.23
738,jamescharles,James Charles,Beauty,22300000.0,United States,38.89,-77.03
739,joelocke03,Joe Locke,Cinema & Actors/actresses,3500000.0,United Kingdom,51.51,-0.13
740,araikgalstyanmoscowschool,ï¼¡ï¼²ï¼¡ï¼©ï¼«  ï¼§ï¼¡ï¼¬ï¼³ï¼´ï¼¹ï¼¡ï¼® ï¼·ï¼¯ï¼²ï¼¬ï¼¤ ï¼¦ï¼¬ï¼¯ï¼²ï¼©ï¼³ï¼´  ï¼¤ï¼¥ï¼³ï¼©ï¼§ï¼®ï¼¥ï¼²,Beauty,20000000.0,Turkey,39.93,32.86
741,i_nivethathomas,Nivetha Thomas,Cinema & Actors/actresses,6500000.0,India,28.61,77.23
742,anupamaparameswaran96,Anupama Parameswaran,Cinema & Actors/actresses,12900000.0,India,28.61,77.23
743,f1,FORMULA 1Â®,Racing Sports,21600000.0,Italy,41.9,12.5
744,realshadmehr,Shadmehr Aghili,Music,8300000.0,Iran,35.69,51.39
745,liverpoolfc,Liverpool Football Club,Sports with a Ball,41100000.0,United Kingdom,51.51,-0.13
746,littlemix,Little Mix,Music,16500000.0,Brazil,-15.78,-47.93
747,chieffkeeffsossa,Chief Keef,Music,8000000.0,United States,38.89,-77.03
748,raashiikhanna,Raashii Khanna,Cinema & Actors/actresses,8800000.0,India,28.61,77.23
749,syifahadjureal,Syifa Hadju,Modeling,15800000.0,Indonesia,-6.21,106.85
750,kingryan,Ryan Garcia,Fitness & Gym,9100000.0,United States,38.89,-77.03
751,canyaman,Can Yaman,Cinema & Actors/actresses,10100000.0,Italy,41.9,12.5
752,romanreigns,Joe Anoai aka â€œRoman Reignsâ€,Lifestyle,6800000.0,India,28.61,77.23
753,karljacobs,Karl Jacobs,Other,4600000.0,Brazil,-15.78,-47.93
754,landonorris,Lando Norris,Racing Sports,6000000.0,Italy,41.9,12.5
755,nct_dream,NCT DREAM OFFICIAL,Music,10900000.0,Indonesia,-6.21,106.85
756,baimwong,Baim Wong,Cinema & Actors/actresses,17700000.0,Indonesia,-6.21,106.85
757,lacasadepapel,La Casa de Papel,Cinema & Actors/actresses,12100000.0,Brazil,-15.78,-47.93
758,noahbeck,Noah Beck,Sports with a Ball,9000000.0,United States,38.89,-77.03
760,mohanshakti,Shakti Mohan,Art/Artists,17000000.0,India,28.61,77.23
761,kh1000le,CHENLE ZHONG,Music,3000000.0,Indonesia,-6.21,106.85
762,apple,apple,Computers & Gadgets,29000000.0,India,28.61,77.23
763,narins_beauty,â€¢â€¢Narins Beautyâ€¢â€¢,Lifestyle,9500000.0,Iraq,,
764,garnacho7,Alejandro Garnacho,Sports with a Ball,3400000.0,Spain,40.42,-3.71
765,yooncy1,ìœ¤ì°¬ì˜ Chan-young Yoon,Lifestyle,4800000.0,South Korea,37.57,126.98
766,manelyk_oficial,Manelyk Gonzalez,Music,15200000.0,Mexico,19.43,-99.13
767,bowerjamie,á´Šá´€á´Éªá´‡ á´„á´€á´á´˜Ê™á´‡ÊŸÊŸ Ê™á´á´¡á´‡Ê€,Cinema & Actors/actresses,5500000.0,Italy,41.9,12.5
768,dean.schneider,Dean Schneider,Animals,10200000.0,United States,38.89,-77.03
769,ludmilla,LUDMILLA,Music,28600000.0,Brazil,-15.78,-47.93
770,amadorat,N I C O L E   A M A D O ğŸ‰,Fashion,8300000.0,Mexico,19.43,-99.13
771,liltjay,TJAYYYY ğŸ–¤,Lifestyle,7800000.0,United States,38.89,-77.03
772,nidhhiagerwal,Nidhhi Agerwal ğŸŒŸ,Gaming,26400000.0,India,28.61,77.23
773,avrillavigne,Avril Lavigne,Music,12000000.0,Brazil,-15.78,-47.93
774,kenzie,kenzie â™¡,Art/Artists,14800000.0,United States,38.89,-77.03
775,feid,FERXXO,Music,6000000.0,Colombia,,
776,egorkreed,Ğ•Ğ³Ğ¾Ñ€ ĞšÑ€Ğ¸Ğ´ | #HeartBreakKid,Music,14600000.0,Russia,55.75,37.62
777,deolaneb_,DEOLANE BEZERRA âš–ï¸,Other,6300000.0,Brazil,-15.78,-47.93
778,bts_love_myself,LOVE MYSELF,Other,7600000.0,Indonesia,-6.21,106.85
779,kanik4kapoor,Kanika Kapoor,Music,12000000.0,India,28.61,77.23
780,lizzobeeating,Lizzo,Music,13100000.0,United States,38.89,-77.03
781,harshasai_,Harsha sai,Shows,3600000.0,India,28.61,77.23
782,fortnite,Fortnite,Gaming,25300000.0,United States,38.89,-77.03
783,samsmith,SAM SMITH,Music,14800000.0,United States,38.89,-77.03
784,irinashayk,irina shayk,Modeling,20400000.0,Russia,55.75,37.62
785,rafaeluccman,Rafael Uccman,Lifestyle,9400000.0,Brazil,-15.78,-47.93
786,andreavaldirisos,ANDREA VALDIRI ğŸ‡¨ğŸ‡´,Lifestyle,8900000.0,Colombia,,
787,auba,Pierre-Emerick Aubameyang,Sports with a Ball,13600000.0,Nigeria,,
788,tamerhosny,Tamer Hosny,Music,23800000.0,Egypt,,
789,oprah,Oprah,Art/Artists,21800000.0,United States,38.89,-77.03
790,marimaria,Mari Maria,Beauty,20500000.0,Brazil,-15.78,-47.93
791,mariabecerra,Maria Becerra,Music,10800000.0,Argentina,-34.61,-58.38
792,jenaissante,HUH YUNJIN of LE SSERAFIM,Other,2800000.0,South Korea,37.57,126.98
793,vanessalopesr_,Vanessa Lopes,Lifestyle,13300000.0,Brazil,-15.78,-47.93
794,kevinroldankr,KR â™› KEVIN ROLDAN,Music,11000000.0,Mexico,19.43,-99.13
795,theamitbhadana,Amit Bhadana ( à¤…à¤®à¤¿à¤¤ à¤­à¤¡à¤¼à¤¾à¤¨à¤¾ ),Shows,8700000.0,India,28.61,77.23
796,choquei,CHOQUEI,Literature & Journalism,18500000.0,Brazil,-15.78,-47.93
797,lakers,Los Angeles Lakers,Sports with a Ball,20800000.0,United States,38.89,-77.03
798,yihyun_1208,á„Œá…©á„‹á…µá„’á…§á†« cho yihyun,Lifestyle,5100000.0,India,28.61,77.23
799,grantgust,Grant Gustin,Cinema & Actors/actresses,7800000.0,Brazil,-15.78,-47.93
800,ewsbdi,ë¡œìš´,Other,4900000.0,Brazil,-15.78,-47.93
801,theshilpashetty,Shilpa Shetty Kundra,Cinema & Actors/actresses,27400000.0,India,28.61,77.23
802,hustlemantherapper,Hustleman ğŸ’«,Lifestyle,10200000.0,United States,38.89,-77.03
803,aboflah,AboFlah,Humor & Fun & Happiness,7500000.0,Syria,,
804,woozi_universefactory,WOOZI,Other,4400000.0,Indonesia,-6.21,106.85
805,vivi,Vivi Wanderley ğŸ’šğŸ§¸ğŸ®,Beauty,14500000.0,Brazil,-15.78,-47.93
806,pharrell,ğ’ğğ ğğ… ğ€ ğğ‡ğ€ğ‘ğ€ğğ‡,Music,14200000.0,United States,38.89,-77.03
807,filiperet,RETCHÃŠ,Lifestyle,8100000.0,Brazil,-15.78,-47.93
808,dababy,KIRK,Music,21000000.0,United States,38.89,-77.03
809,taylor_hill,Taylor Hill,Art/Artists,21500000.0,United States,38.89,-77.03
810,burcuozberk,Burcu Ã–zberk,Cinema & Actors/actresses,9300000.0,Turkey,39.93,32.86
811,martingarrix,Martin Garrix,Music,15700000.0,Mexico,19.43,-99.13
812,krithi.shetty_official,Krithi Shetty,Beauty,4300000.0,India,28.61,77.23
813,chomismaterialgirl,Araya Alberta Hargate,Cinema & Actors/actresses,11200000.0,Thailand,,
814,hennessycarolina,HennessyğŸ’‹,Lifestyle,7800000.0,United States,38.89,-77.03
815,masonmount,Mason Mount,Lifestyle,5400000.0,United Kingdom,51.51,-0.13
816,vickykaushal09,Vicky Kaushal,Lifestyle,14600000.0,India,28.61,77.23
817,toniruediger,Antonio RÃ¼diger,Sports with a Ball,5400000.0,United Kingdom,51.51,-0.13
818,min.nicha,MINNIE,Lifestyle,4800000.0,China,39.91,116.4
819,richforever,Biggest Boss Rick Ross,Music,16600000.0,United States,38.89,-77.03
820,angeliqueboyer,Angelique Boyer,Shows,14500000.0,Brazil,-15.78,-47.93
821,pokimanelol,pokimane,Lifestyle,6100000.0,United States,38.89,-77.03
822,wolfiecindy,Cindy Kimberly,Modeling,7000000.0,United States,38.89,-77.03
823,klarafgcastanho,KlÃ¥ra CÃ¥stanho,Cinema & Actors/actresses,7200000.0,Brazil,-15.78,-47.93
824,joaogomescantor,ACREDITE ğŸ§¡,Music,14000000.0,Brazil,-15.78,-47.93
825,dreamwastaken,Dream,Other,3300000.0,United States,38.89,-77.03
826,nessabarrett,ness,Lifestyle,7200000.0,United States,38.89,-77.03
828,_yujin_an,ì•ˆìœ ì§„ AN YUJIN,Lifestyle,3900000.0,South Korea,37.57,126.98
829,officialmahirasharma,Mahira Sharma,Lifestyle,5800000.0,India,28.61,77.23
830,kareenakapoorkhan,Kareena Kapoor Khan,Family,9900000.0,India,28.61,77.23
832,hasbulla.hushetskiy,Hasbulla Magomedov,Lifestyle,5400000.0,Russia,55.75,37.62
833,jeremyrenner,Jeremy Renner,Shows,18100000.0,United States,38.89,-77.03
834,yg_treasure_official,TREASURE (íŠ¸ë ˆì €),Music,5900000.0,Indonesia,-6.21,106.85
835,priyankaamohanofficial,Priyanka Mohan,Photography,3900000.0,India,28.61,77.23
836,ms.sethii,Shilpa Sethi,Modeling,7400000.0,United States,38.89,-77.03
837,anguscloud,Angus Cloud,Music,7600000.0,United States,38.89,-77.03
838,luzu,Luzu,Cinema & Actors/actresses,5500000.0,Mexico,19.43,-99.13
839,artmodel.one,Ğ®Ğ»ĞµÑ‡ĞºĞ°ğŸ’–Digital Art,Other,8600000.0,India,28.61,77.23
840,bypamella,BY PAMELLA âœ¨ğŸ§¿,Shows,9900000.0,Brazil,-15.78,-47.93
841,laurenlondon,Lauren London,Cinema & Actors/actresses,9900000.0,United States,38.89,-77.03
842,disney,Disney,Shows,35700000.0,United States,38.89,-77.03
843,emmaroberts,Emma Roberts,Cinema & Actors/actresses,18900000.0,United States,38.89,-77.03
844,mollymae,Molly-Mae Hague,Lifestyle,6800000.0,United Kingdom,51.51,-0.13
845,nicolegarcia,Nicole Gonzalez Garcia,Lifestyle,6100000.0,Mexico,19.43,-99.13
846,kentooyamazaki,å±±ï¨‘è³¢äºº,Cinema & Actors/actresses,5200000.0,Japan,,
847,iamyanetgarcia,Yanet Garcia ğŸ‡²ğŸ‡½,Cinema & Actors/actresses,14900000.0,Mexico,19.43,-99.13
848,sashameneghel,SASHA,Cinema & Actors/actresses,8100000.0,Brazil,-15.78,-47.93
849,catherinemcbroom,Catherine Paiz,Family,7200000.0,United States,38.89,-77.03
850,jeromepolin,Jerome Polin Sijabat ã‚·ã‚™ã‚§ãƒ­ãƒ¼ãƒ ,Education,7300000.0,Indonesia,-6.21,106.85
851,realhinakhan,Hina Khan,Cinema & Actors/actresses,18800000.0,India,28.61,77.23
852,navidmohammadzadeh,navid mohammadzadeh,Cinema & Actors/actresses,8500000.0,Iran,35.69,51.39
853,rampage_thedancer,RAMPAGE THE DANCER ğŸ‡¨ğŸ‡º,Water sports,2200000.0,United States,38.89,-77.03
854,miamalkova,Mia Malkova,Cinema & Actors/actresses,11300000.0,India,28.61,77.23
855,spacex,SpaceX,Science,16400000.0,United States,38.89,-77.03
856,bounouyassine_bono,Yassine Bounou â€œBONOâ€,Sports with a Ball,4500000.0,Morocco,34.02,-6.84
857,imfaithxo,Faith Lianne,Other,5900000.0,United States,38.89,-77.03
858,sophiedee,Sophie Dee,Adult content,12600000.0,United States,38.89,-77.03
859,333cyj333,Ars ğŸ—,Music,6700000.0,Thailand,,
860,ciara,Ciara,Music,33200000.0,United States,38.89,-77.03
861,alexis_officia1,Sanchez Alexis,Sports with a Ball,15100000.0,Chile,,
862,bianca,BIANCA,Beauty,18000000.0,Brazil,-15.78,-47.93
863,nikkietutorials,NikkieTutorials,Beauty,16800000.0,United States,38.89,-77.03
864,choi_seung_hyun_tttop,TOP,Other,15100000.0,Indonesia,-6.21,106.85
865,nabilla,Nabilla Vergara âœ¨,Beauty,8100000.0,France,48.86,2.35
866,linatejeiro,Lina Tejeiro.,Cinema & Actors/actresses,9900000.0,Colombia,,
867,galatasaray,Galatasaray,Sports with a Ball,12000000.0,Turkey,39.93,32.86
868,troyesivan,troye sivan,Art/Artists,13800000.0,United States,38.89,-77.03
869,voriaghafuri_official,Voria,Other,3800000.0,Iran,35.69,51.39
870,jamorant,12 ğŸ¥·ğŸ½ğŸ–¤,Winter sports,8300000.0,United States,38.89,-77.03
871,esbilgic,Esra Bilgic,Cinema & Actors/actresses,7200000.0,India,28.61,77.23
872,_hakkencoser_,Hakken å…«çŠ¬,Gaming,3900000.0,United States,38.89,-77.03
873,hannahelzahed,Hannah El-Zahed,Cinema & Actors/actresses,18400000.0,Egypt,,
874,gabimartins,Gabriela Martins,Music,12900000.0,Brazil,-15.78,-47.93
875,percy,Percy Hynes White,Lifestyle,3300000.0,United States,38.89,-77.03
876,mcdavipaiva,PAIVAğŸ’MAGNATA !,Lifestyle,4700000.0,Brazil,-15.78,-47.93
877,maudyayunda,Maudy Ayunda,Music,17900000.0,Indonesia,-6.21,106.85
878,ferrari,Ferrari,Luxury,23900000.0,United States,38.89,-77.03
879,skaijackson,S K A I,Lifestyle,8100000.0,United States,38.89,-77.03
880,huddy,Chase Hudson,Lifestyle,11300000.0,United States,38.89,-77.03
881,willevy,William  Levy / Actor Producer,Shows,11100000.0,Brazil,-15.78,-47.93
882,vanessamorgan,Vanessa Morgan,Music,9200000.0,United States,38.89,-77.03
884,davidalaba,David Alaba,Sports with a Ball,11600000.0,Spain,40.42,-3.71
885,kawtarbamo,KAWTAR BA-MOHAMED ÙƒÙˆØ«Ø± Ø¨Ø§Ù…Ùˆ,Cinema & Actors/actresses,8000000.0,Morocco,34.02,-6.84
886,celestebarber,Celeste Barber,Humor & Fun & Happiness,9400000.0,United States,38.89,-77.03
888,flamengo,Flamengo,Sports with a Ball,16100000.0,Brazil,-15.78,-47.93
889,nimratkhairaofficial,NIMRAT KHAIRA,Music,8200000.0,India,28.61,77.23
890,austinmcbroom,Austin McBroom,Lifestyle,6400000.0,India,28.61,77.23
891,junhui_moon,JUN æ–‡ä¿Šè¾‰,Lifestyle,3400000.0,Indonesia,-6.21,106.85
892,rjkarishma,RJ Karishma,Humor & Fun & Happiness,5400000.0,India,28.61,77.23
893,willyrex,Willyrex,Shows,8700000.0,Spain,40.42,-3.71
894,_agentgirl_,ĞĞĞ¡Ğ¢Ğ¯ Ğ˜Ğ’Ğ›Ğ•Ğ•Ğ’Ğ,Shows,18200000.0,Russia,55.75,37.62
895,lacikaysomers,Laci Kay Somers,Music,12200000.0,United States,38.89,-77.03
896,tohi,ğ“ğğ‡ğˆ,Lifestyle,12200000.0,Iran,35.69,51.39
897,hasnaink07,Hasnain khan,Gaming,13200000.0,India,28.61,77.23
898,morganasecco,Morgana Secco,Family,4100000.0,Brazil,-15.78,-47.93
899,haifa_hassony,Ù‡ÙŠÙØ§Ø¡ Ø­Ø³ÙˆÙ†ÙŠ Haifa Hassony,Modeling,15600000.0,Iraq,,
900,ozuna,@ozutochi,Music,22700000.0,Spain,40.42,-3.71
901,moneybaggyo,Certified Speaker,Lifestyle,8500000.0,United States,38.89,-77.03
902,allusnehareddy,Allu Sneha Reddy,Travel,8700000.0,India,28.61,77.23
903,nikefootball,Nike Football (Soccer),Sports with a Ball,45500000.0,Brazil,-15.78,-47.93
904,michelleziu,ï¼­ï½‰ï½ƒï½ˆï½…ï½Œï½Œï½…  ï¼ºï½‰ï½•ï½„ï½‰ï½”ï½ˆ  ï½—,Cinema & Actors/actresses,10500000.0,Indonesia,-6.21,106.85
905,tatawerneck,Tata Werneck,Cinema & Actors/actresses,54600000.0,Brazil,-15.78,-47.93
906,dylanminnette,Dylan Minnette,Music,7200000.0,United States,38.89,-77.03
907,g_eazy,G-Eazy,Music,10000000.0,United States,38.89,-77.03
908,mahnaz_afshar,Mahe Man,Cinema & Actors/actresses,17100000.0,Iran,35.69,51.39
909,keylornavas1,Keylor Navas Gamboa,Sports with a Ball,16700000.0,Spain,40.42,-3.71
910,voguemagazine,Vogue,Literature & Journalism,41800000.0,United States,38.89,-77.03
911,lexa,Lexa,Music,18200000.0,Brazil,-15.78,-47.93
912,amybethmcnulty,Amybeth,Lifestyle,7800000.0,Brazil,-15.78,-47.93
913,nicolebahls,Nicole Bahls,Modeling,20900000.0,Brazil,-15.78,-47.93
914,ibrahimyilmazofficial,IÌ‡brahim YÄ±lmazï¸,Humor & Fun & Happiness,10300000.0,Turkey,39.93,32.86
915,esmuellert,Thomas MuÌˆller,Sports with a Ball,11900000.0,Germany,,
916,snoopdogg,snoopdogg,Lifestyle,78300000.0,United States,38.89,-77.03
917,jennmuriel,Jenn muriel,Lifestyle,6400000.0,Colombia,,
918,harshbeniwal,Harsh PUSPENDER Beniwal,Shows,5700000.0,India,28.61,77.23
919,brianmaps,Ğ‘Ñ€Ğ°Ğ¸Ì†Ğ½ ĞœĞ°Ğ¿Ñ (ĞœĞ°ĞºÑ Ğ¢Ğ°Ñ€Ğ°ÑĞµĞ½ĞºĞ¾),Other,5800000.0,Russia,55.75,37.62
920,sincerooficial,Sincero Oficial,Humor & Fun & Happiness,21800000.0,Brazil,-15.78,-47.93
921,jackgrealish,Jack Grealish,Sports with a Ball,5700000.0,United Kingdom,51.51,-0.13
922,dkharbour,David Harbour,Cinema & Actors/actresses,9900000.0,United States,38.89,-77.03
923,taylorlautner,Taylor Lautner,Shows,8600000.0,Brazil,-15.78,-47.93
924,sahilkhan,Indiaâ€™s Youth & Fitness ICâ­•ï¸NÂ®,Fitness & Gym,11100000.0,India,28.61,77.23
925,alejoigoa,Alejo Igoa,Lifestyle,6900000.0,Argentina,-34.61,-58.38
926,lulaoficial,Luiz InaÌcio Lula da Silva,Finance & Economics,11700000.0,Brazil,-15.78,-47.93
927,alissonbecker,Alisson Becker,Sports with a Ball,8400000.0,Brazil,-15.78,-47.93
928,karolsevillaofc,KAROL SEVILLA,Cinema & Actors/actresses,15600000.0,Brazil,-15.78,-47.93
929,e_milygarcia,Emily Garcia,Cinema & Actors/actresses,11600000.0,Brazil,-15.78,-47.93
930,kajol,Kajol Devgan,Cinema & Actors/actresses,13100000.0,India,28.61,77.23
931,sashapieterse,Sasha Pieterse Sheaffer,Lifestyle,16300000.0,Brazil,-15.78,-47.93
932,bumkeyk,SHINee KEY,Music,9400000.0,Indonesia,-6.21,106.85
933,soyneiva,Neiva Mara,Adult content,11900000.0,Brazil,-15.78,-47.93
934,dearra,De'arra Taylor,Other,6400000.0,United States,38.89,-77.03
935,emiliamernes,Emilia Mernes,Music,6400000.0,Argentina,-34.61,-58.38
936,camilacoelho,CAMILA COELHO,Shows,9900000.0,Brazil,-15.78,-47.93
937,jessnolimit,Jess No Limit,Shows,7400000.0,Indonesia,-6.21,106.85
938,youngdae0302,á„€á…µá†·á„‹á…§á†¼á„ƒá…¢,Music,4600000.0,Indonesia,-6.21,106.85
939,raghavjuyal,Raghav Juyal,Travel,11200000.0,India,28.61,77.23
940,noorstars,Ù†ÙˆØ± Ø³ØªØ§Ø±Ø² | Noor Stars,Shows,13500000.0,Iraq,,
941,urassayas,Urassaya Sperbund,Cinema & Actors/actresses,12200000.0,Thailand,,
942,phoebejtonkin,Phoebe Tonkin,Beauty,8400000.0,United States,38.89,-77.03
943,riteishd,Riteish Deshmukh,Art/Artists,18500000.0,India,28.61,77.23
944,sofiavergara,Sofia Vergara,Cinema & Actors/actresses,27500000.0,United States,38.89,-77.03
945,pandorakaaki,ğğšğ§ğğ¨ğ«ğš ğŠğšğšğ¤ğ¢,Adult content,9100000.0,United States,38.89,-77.03
946,teslamotors,Tesla,Cars & Motorbikes,9600000.0,United States,38.89,-77.03
947,madisonbaileybabe,Maddie Baby,Lifestyle,6500000.0,United States,38.89,-77.03
948,larray,larri,Lifestyle,6600000.0,United States,38.89,-77.03
949,jaybnow.hr,LIM JAE BEOM,Music,7000000.0,United States,38.89,-77.03
950,francety,Francia James,Adult content,11500000.0,India,28.61,77.23
951,madisonbaileybabe,Maddie Baby,Lifestyle,6500000.0,United States,38.89,-77.03
952,larray,larri,Lifestyle,6600000.0,United States,38.89,-77.03
953,jaybnow.hr,LIM JAE BEOM,Music,7000000.0,United States,38.89,-77.03
954,francety,Francia James,Adult content,11500000.0,India,28.61,77.23
955,floydmayweather,Floyd Mayweather,Fitness & Gym,28500000.0,United States,38.89,-77.03
956,katherinelangford,KATHERINE LANGFORD,Cinema & Actors/actresses,31800000.0,India,28.61,77.23
957,francinyehlke,Franciny Ehlke,Beauty,15500000.0,Brazil,-15.78,-47.93
958,lynaritaa,Lyna Perez,Lifestyle,9300000.0,United States,38.89,-77.03
959,starwars,Star Wars,Cinema & Actors/actresses,15900000.0,United States,38.89,-77.03
960,borodylia,ĞšÑĞµĞ½Ğ¸Ñ Ğ‘Ğ¾Ñ€Ğ¾Ğ´Ğ¸Ğ½Ğ°,Shows,19500000.0,Russia,55.75,37.62
961,brunofernandes8,Bruno Fernandes,Lifestyle,7600000.0,United Kingdom,51.51,-0.13
962,sarahhyland,Sarah Hyland,Cinema & Actors/actresses,10200000.0,United States,38.89,-77.03
963,limitless,Jas Mathur,Business & Careers,10200000.0,Turkey,39.93,32.86
964,veradijkmans,Vera Dijkmans,Adult content,5600000.0,United States,38.89,-77.03
965,paraschhabra,Paras Chhabra,Shows,6000000.0,India,28.61,77.23
966,shahinsamadpoor,Shahin Samad poor Ø´Ø§Ù‡ÛŒÙ† ØµÙ…Ø¯Ù¾ÙˆØ±,Literature & Journalism,5000000.0,Iran,35.69,51.39
967,whrbtjd,á„Œá…©á„€á…²á„‰á…¥á†¼ (gue sung cho),Sports with a Ball,2900000.0,South Korea,37.57,126.98
968,morganwallen,Morgan Wallen,Family,4500000.0,United States,38.89,-77.03
969,gadiiing,Gading Marten,Shows,23300000.0,Indonesia,-6.21,106.85
970,arashi_5_official,ARASHI,Other,4400000.0,Japan,,
971,sandrinna_11,Sandrinnaskornicki,Lifestyle,10900000.0,Indonesia,-6.21,106.85
972,chetri_sunil11,Sunil Chhetri,Sports with a Ball,3500000.0,India,28.61,77.23
973,neeraj____chopra,Neeraj Chopra,Shows,6300000.0,India,28.61,77.23
974,yuyacst,ğ“¨ğ’–ğ’šğ’‚,Modeling,17000000.0,Mexico,19.43,-99.13
975,lucasguimaraes,LUCAS GUIMARÃƒESğŸŒ»,Cinema & Actors/actresses,9500000.0,Brazil,-15.78,-47.93
976,k_a_z_u_h_a__,KAZUHA of LE SSERAFIM,Other,2800000.0,Indonesia,-6.21,106.85
977,watanabenaomi703,æ¸¡è¾ºç›´ç¾ã€€Naomi watanabe,Cinema & Actors/actresses,9900000.0,Japan,,
978,officialslystallone,Sly Stallone,Art/Artists,15600000.0,United States,38.89,-77.03
979,lizbethrodriguezoficial,Lizbeth Rodriguez,Shows,11400000.0,Mexico,19.43,-99.13
980,justsul,Just Sul,Humor & Fun & Happiness,6200000.0,India,28.61,77.23
981,aliciakeys,Alicia Keys,Music,24800000.0,United States,38.89,-77.03
982,rockstargames,Rockstar Games,Cars & Motorbikes,24000000.0,United States,38.89,-77.03
983,marcinho11,Marco Reus,Sports with a Ball,12800000.0,Germany,,
984,casimiro,Casimiro Miguel,Other,4100000.0,Brazil,-15.78,-47.93
985,scuderiaferrari,Scuderia Ferrari,Racing Sports,10300000.0,Italy,41.9,12.5
986,dacremontgomery,Dacre Montgomery,Cinema & Actors/actresses,9200000.0,United States,38.89,-77.03
987,viavallen,Via Vallen,Music,27800000.0,Indonesia,-6.21,106.85
988,cemrebaysel,Cemre,Lifestyle,3600000.0,Turkey,39.93,32.86
989,nickjonas,Nick Jonas,Music,33500000.0,United States,38.89,-77.03
990,sinavaliollah,Sina Valiollah,Shows,8000000.0,Iran,35.69,51.39
991,juliopfernandez,J U L I O   P E Ã‘ A   F. D E Z,Art/Artists,3300000.0,Brazil,-15.78,-47.93
992,strangehuman,nova,Lifestyle,4600000.0,United States,38.89,-77.03
993,labels.hybe,HYBE LABELS Updates,Shows,2300000.0,India,28.61,77.23
994,torylanez,FARGOâ€™S CRAZY LIFE,Shows,11900000.0,United States,38.89,-77.03
995,earthpix,ğŸŒ  EarthPix  ğŸŒ,Nature & landscapes,23300000.0,United States,38.89,-77.03
996,thiago6,Thiago Alcantara,Sports with a Ball,10400000.0,United Kingdom,51.51,-0.13
997,soycintiacossio,Cintia Cossio,Modeling,6000000.0,Colombia,,
998,feat.dino,ì´ì°¬,Lifestyle,2700000.0,South Korea,37.57,126.98
999,djokernole,Novak Djokovic,Sports with a Ball,11800000.0,United States,38.89,-77.03
1000,ravindra.jadeja,Ravindrasinh jadeja,Lifestyle,4800000.0,India,28.61,77.23
